DELETE FROM DOC_Documentos;
DELETE FROM SYS_Files;
DELETE FROM SYS_EventBacklog;
ALTER TABLE DOC_Documentos auto_increment = 1;

-- -------------------------------------------------------------------------

SET FOREIGN_KEY_CHECKS=0;
SET SQL_MODE = "NO_AUTO_VALUE_ON_ZERO";
SET AUTOCOMMIT = 0;
START TRANSACTION;
SET time_zone = "+00:00";

/*!40101 SET @OLD_CHARACTER_SET_CLIENT=@@CHARACTER_SET_CLIENT */;
/*!40101 SET @OLD_CHARACTER_SET_RESULTS=@@CHARACTER_SET_RESULTS */;
/*!40101 SET @OLD_COLLATION_CONNECTION=@@COLLATION_CONNECTION */;
/*!40101 SET NAMES utf8mb4 */;


INSERT INTO `ACC_Contas` (`Conta`, `Nome`, `Extra`) VALUES
('AN010101', 'Teste', '{}'),
('AN010102', 'Teste', '{}'),
('AN0102', 'Teste', '{}'),
('AN020101', 'Teste', '{}'),
('AN020102', 'Teste', '{}'),
('AN0202', 'Teste', '{}'),
('CB01', 'Teste01', '{}'),
('CL001', 'Cliente1', '{}'),
('CL002', 'Cliente2', '{}'),
('CO123', 'Teste01', '{}'),
('CO456', 'Teste02', '{}'),
('CR010101', 'Teste', '{}'),
('CR010102', 'Teste', '{}'),
('CR0102', 'Teste', '{}'),
('CR020101', 'Teste', '{}'),
('CR020102', 'Teste', '{}'),
('CR0202', 'Teste', '{}'),
('FO0000111', 'Fornecedor01', '{\"ImpostoIndustrial\": 1}'),
('FO0000222', 'Fornecedor02', '{\"ImpostoPredial\": 1}'),
('FO0000333', 'Fornecedor03', '{}'),
('IM01', 'Impostos retidos a fornecedores', '{}'),
('IM02', 'IVA', '{}');

INSERT INTO `ACC_ContaTipos` (`Tipo`, `Sigla`) VALUES
('Analitica', 'AN'),
('CentroResultados', 'CR'),
('Cliente', 'CL'),
('Colaborador', 'CO'),
('ContaBancaria', 'CB'),
('Fornecedor', 'FO'),
('Impostos', 'IM');

INSERT INTO `ACC_Impostos` (`Nome`, `DataInicio`, `DataFim`, `Taxa`) VALUES
('ImpostoIndustrial', '2012-01-01', '2015-12-31', 0.0525),
('ImpostoIndustrial', '2016-01-01', '2040-12-31', 0.065),
('ImpostoPredial', '2012-01-01', '2040-12-31', 0.15);

INSERT INTO `ACC_Lancamentos` (`Conta`, `CoefRateio`, `Mes`, `DocNumSerie`) VALUES
('CB01', -1, '2019-02-01', 'FTAn19#093'),
('CB01', -1, '2019-05-01', 'FTAn19#099'),
('CB01', -1, '2019-06-01', 'FTAn19#101'),
('CB01', -1, '2019-07-01', 'FTAn19#103'),
('CB01', -1, '2019-09-01', 'FTAn19#107'),
('CB01', -1, '2019-10-01', 'FTAn19#109'),
('CB01', -1, '2019-12-01', 'FTAn20#113'),
('CB01', -1, '2020-01-01', 'FTAn20#115'),
('CB01', -1, '2020-03-01', 'FTAn20#119'),
('CB01', -0.673913, '2019-08-01', 'FTAn19#105'),
('CB01', -0.652174, '2019-11-01', 'FTAn19#111'),
('CB01', -0.630435, '2020-02-01', 'FTAn20#117'),
('CB01', -0.5, '2018-12-01', 'FTAn19#091'),
('CB01', -0.5, '2019-01-01', 'FTAn19#091'),
('CB01', -0.5, '2019-02-01', 'FTAn19#095'),
('CB01', -0.5, '2019-03-01', 'FTAn19#095'),
('CB01', -0.5, '2020-03-01', 'FTAn20#121'),
('CB01', -0.5, '2020-04-01', 'FTAn20#121'),
('CB01', -0.5, '2020-04-01', 'FTAn20#123'),
('CB01', -0.5, '2020-05-01', 'FTAn20#123'),
('CB01', -0.369565, '2020-01-01', 'FTAn20#117'),
('CB01', -0.347826, '2019-10-01', 'FTAn19#111'),
('CB01', -0.333333, '2018-10-01', 'FTAn19#089'),
('CB01', -0.333333, '2018-11-01', 'FTAn19#089'),
('CB01', -0.333333, '2018-12-01', 'FTAn19#089'),
('CB01', -0.333333, '2019-02-01', 'FTAn19#097'),
('CB01', -0.333333, '2019-03-01', 'FTAn19#097'),
('CB01', -0.333333, '2019-04-01', 'FTAn19#097'),
('CB01', -0.333333, '2020-04-01', 'FTAn20#125'),
('CB01', -0.333333, '2020-05-01', 'FTAn20#125'),
('CB01', -0.333333, '2020-05-01', 'FTAn20#127'),
('CB01', -0.333333, '2020-06-01', 'FTAn20#125'),
('CB01', -0.333333, '2020-06-01', 'FTAn20#127'),
('CB01', -0.333333, '2020-07-01', 'FTAn20#127'),
('CB01', -0.326087, '2019-07-01', 'FTAn19#105'),
('CB01', 0.289474, '2019-01-01', 'FTAn19#015'),
('CB01', 0.289474, '2019-02-01', 'FTAn19#015'),
('CB01', 0.289474, '2019-03-01', 'FTAn19#015'),
('CB01', 0.289474, '2020-02-01', 'FTAn20#065'),
('CB01', 0.289474, '2020-03-01', 'FTAn20#065'),
('CB01', 0.289474, '2020-04-01', 'FTAn20#065'),
('CB01', 0.302059, '2019-03-01', 'FTAn19#017'),
('CB01', 0.307494, '2019-11-01', 'FTAn20#049'),
('CB01', 0.307494, '2019-12-01', 'FTAn20#053'),
('CB01', 0.314327, '2019-09-01', 'FTAn19#047'),
('CB01', 0.314327, '2019-10-01', 'FTAn19#047'),
('CB01', 0.314327, '2019-11-01', 'FTAn19#047'),
('CB01', 0.320938, '2020-01-01', 'FTAn20#059'),
('CB01', 0.326087, '2019-02-01', 'FTAn19#013'),
('CB01', 0.326087, '2020-06-01', 'FTAn20#079'),
('CB01', 0.333333, '2020-01-01', 'FTAn20#063'),
('CB01', 0.333333, '2020-02-01', 'FTAn20#063'),
('CB01', 0.333333, '2020-03-01', 'FTAn20#063'),
('CB01', 0.391304, '2019-01-01', 'FTAn19#011'),
('CB01', 0.434211, '2019-06-01', 'FTAn19#031'),
('CB01', 0.434211, '2019-07-01', 'FTAn19#031'),
('CB01', 0.434211, '2018-12-01', 'FTAn19#007'),
('CB01', 0.434211, '2019-01-01', 'FTAn19#007'),
('CB01', 0.434211, '2019-04-01', 'FTAn19#021'),
('CB01', 0.434211, '2019-05-01', 'FTAn19#021'),
('CB01', 0.471491, '2018-11-01', 'FTAn19#001'),
('CB01', 0.471491, '2018-12-01', 'FTAn19#001'),
('CB01', 0.471491, '2019-05-01', 'FTAn19#027'),
('CB01', 0.471491, '2019-06-01', 'FTAn19#027'),
('CB01', 0.471491, '2019-10-01', 'FTAn19#045'),
('CB01', 0.471491, '2019-11-01', 'FTAn19#045'),
('CB01', 0.471491, '2020-04-01', 'FTAn20#069'),
('CB01', 0.471491, '2020-05-01', 'FTAn20#069'),
('CB01', 0.5, '2019-07-01', 'FTAn19#033'),
('CB01', 0.5, '2019-08-01', 'FTAn19#033'),
('CB01', 0.547483, '2020-02-01', 'FTAn20#059'),
('CB01', 0.566362, '2019-04-01', 'FTAn19#017'),
('CB01', 0.608696, '2019-02-01', 'FTAn19#011'),
('CB01', 0.635488, '2019-12-01', 'FTAn20#049'),
('CB01', 0.635488, '2020-01-01', 'FTAn20#053'),
('CB01', 0.673913, '2019-03-01', 'FTAn19#013'),
('CB01', 0.673913, '2020-07-01', 'FTAn20#079'),
('CB01', 0.868421, '2018-12-01', 'FTAn19#003'),
('CB01', 0.868421, '2019-09-01', 'FTAn19#039'),
('CB01', 0.868421, '2019-10-01', 'FTAn19#043'),
('CB01', 0.868421, '2020-06-01', 'FTAn20#073'),
('CB01', 0.868421, '2019-07-01', 'FTAn19#029'),
('CB01', 0.868421, '2020-05-01', 'FTAn20#071'),
('CB01', 0.868421, '2020-07-01', 'FTAn20#077'),
('CB01', 0.942982, '2019-01-01', 'FTAn19#005'),
('CB01', 0.942982, '2019-05-01', 'FTAn19#023'),
('CB01', 0.942982, '2019-06-01', 'FTAn19#025'),
('CB01', 0.942982, '2020-02-01', 'FTAn20#057'),
('CB01', 0.942982, '2020-06-01', 'FTAn20#075'),
('CB01', 1, '2019-02-01', 'FTAn19#009'),
('CB01', 1, '2019-04-01', 'FTAn19#019'),
('CB01', 1, '2019-08-01', 'FTAn19#035'),
('CB01', 1, '2019-09-01', 'FTAn19#037'),
('CB01', 1, '2019-10-01', 'FTAn19#041'),
('CB01', 1, '2019-12-01', 'FTAn20#051'),
('CB01', 1, '2020-01-01', 'FTAn20#055'),
('CB01', 1, '2020-03-01', 'FTAn20#061'),
('CB01', 1, '2020-04-01', 'FTAn20#067'),
('CL001', -1, '2019-02-01', 'FTAn19#093'),
('CL001', -1, '2019-06-01', 'FTAn19#101'),
('CL001', -1, '2019-09-01', 'FTAn19#107'),
('CL001', -1, '2019-12-01', 'FTAn20#113'),
('CL001', -1, '2020-11-01', 'FTAn20#132'),
('CL001', -0.673913, '2019-08-01', 'FTAn19#105'),
('CL001', -0.652174, '2019-11-01', 'FTAn19#111'),
('CL001', -0.630435, '2020-02-01', 'FTAn20#117'),
('CL001', -0.5, '2018-12-01', 'FTAn19#091'),
('CL001', -0.5, '2019-01-01', 'FTAn19#091'),
('CL001', -0.5, '2020-04-01', 'FTAn20#123'),
('CL001', -0.5, '2020-05-01', 'FTAn20#123'),
('CL001', -0.369565, '2020-01-01', 'FTAn20#117'),
('CL001', -0.347826, '2019-10-01', 'FTAn19#111'),
('CL001', -0.333333, '2018-10-01', 'FTAn19#089'),
('CL001', -0.333333, '2018-11-01', 'FTAn19#089'),
('CL001', -0.333333, '2018-12-01', 'FTAn19#089'),
('CL001', -0.333333, '2020-05-01', 'FTAn20#127'),
('CL001', -0.333333, '2020-06-01', 'FTAn20#127'),
('CL001', -0.333333, '2020-07-01', 'FTAn20#127'),
('CL001', -0.326087, '2019-07-01', 'FTAn19#105'),
('CL001', 0.326087, '2019-07-01', 'FTAn19#105'),
('CL001', 0.333333, '2018-10-01', 'FTAn19#089'),
('CL001', 0.333333, '2018-11-01', 'FTAn19#089'),
('CL001', 0.333333, '2018-12-01', 'FTAn19#089'),
('CL001', 0.333333, '2020-05-01', 'FTAn20#127'),
('CL001', 0.333333, '2020-06-01', 'FTAn20#127'),
('CL001', 0.333333, '2020-07-01', 'FTAn20#127'),
('CL001', 0.347826, '2019-10-01', 'FTAn19#111'),
('CL001', 0.369565, '2020-01-01', 'FTAn20#117'),
('CL001', 0.5, '2018-12-01', 'FTAn19#091'),
('CL001', 0.5, '2019-01-01', 'FTAn19#091'),
('CL001', 0.5, '2020-04-01', 'FTAn20#123'),
('CL001', 0.5, '2020-05-01', 'FTAn20#123'),
('CL001', 0.630435, '2020-02-01', 'FTAn20#117'),
('CL001', 0.652174, '2019-11-01', 'FTAn19#111'),
('CL001', 0.673913, '2019-08-01', 'FTAn19#105'),
('CL001', 1, '2019-02-01', 'FTAn19#093'),
('CL001', 1, '2019-06-01', 'FTAn19#101'),
('CL001', 1, '2019-09-01', 'FTAn19#107'),
('CL001', 1, '2019-12-01', 'FTAn20#113'),
('CL002', -1, '2019-05-01', 'FTAn19#099'),
('CL002', -1, '2019-07-01', 'FTAn19#103'),
('CL002', -1, '2019-10-01', 'FTAn19#109'),
('CL002', -1, '2020-01-01', 'FTAn20#115'),
('CL002', -1, '2020-03-01', 'FTAn20#119'),
('CL002', -1, '2020-08-01', 'FTAn20#129'),
('CL002', -1, '2020-09-01', 'FTAn20#130'),
('CL002', -0.673913, '2020-10-01', 'FTAn20#131'),
('CL002', -0.5, '2019-02-01', 'FTAn19#095'),
('CL002', -0.5, '2019-03-01', 'FTAn19#095'),
('CL002', -0.5, '2020-03-01', 'FTAn20#121'),
('CL002', -0.5, '2020-04-01', 'FTAn20#121'),
('CL002', -0.333333, '2019-02-01', 'FTAn19#097'),
('CL002', -0.333333, '2019-03-01', 'FTAn19#097'),
('CL002', -0.333333, '2019-04-01', 'FTAn19#097'),
('CL002', -0.333333, '2020-04-01', 'FTAn20#125'),
('CL002', -0.333333, '2020-05-01', 'FTAn20#125'),
('CL002', -0.333333, '2020-06-01', 'FTAn20#125'),
('CL002', -0.326087, '2020-09-01', 'FTAn20#131'),
('CL002', 0.333333, '2019-02-01', 'FTAn19#097'),
('CL002', 0.333333, '2019-03-01', 'FTAn19#097'),
('CL002', 0.333333, '2019-04-01', 'FTAn19#097'),
('CL002', 0.333333, '2020-04-01', 'FTAn20#125'),
('CL002', 0.333333, '2020-05-01', 'FTAn20#125'),
('CL002', 0.333333, '2020-06-01', 'FTAn20#125'),
('CL002', 0.5, '2019-02-01', 'FTAn19#095'),
('CL002', 0.5, '2019-03-01', 'FTAn19#095'),
('CL002', 0.5, '2020-03-01', 'FTAn20#121'),
('CL002', 0.5, '2020-04-01', 'FTAn20#121'),
('CL002', 1, '2019-05-01', 'FTAn19#099'),
('CL002', 1, '2019-07-01', 'FTAn19#103'),
('CL002', 1, '2019-10-01', 'FTAn19#109'),
('CL002', 1, '2020-01-01', 'FTAn20#115'),
('CL002', 1, '2020-03-01', 'FTAn20#119'),
('CR010101:AN010101', 0.438596, '2018-12-01', 'FTAn19#091'),
('CR010101:AN010101', 0.438596, '2019-01-01', 'FTAn19#091'),
('CR010101:AN010101:CO456', -0.0974659, '2020-02-01', 'FTAn20#065'),
('CR010101:AN010101:CO456', -0.0974659, '2020-03-01', 'FTAn20#065'),
('CR010101:AN010101:CO456', -0.0974659, '2020-04-01', 'FTAn20#065'),
('CR010101:AN010102', 0.877193, '2020-01-01', 'FTAn20#115'),
('CR010101:AN010102', 0.877193, '2020-11-01', 'FTAn20#132'),
('CR010101:AN010102:CO123', -0.292398, '2019-09-01', 'FTAn19#047'),
('CR010101:AN010102:CO123', -0.292398, '2019-10-01', 'FTAn19#047'),
('CR010101:AN010102:CO123', -0.292398, '2019-11-01', 'FTAn19#047'),
('CR010101:AN010102:CO456', -0.877193, '2019-10-01', 'FTAn19#043'),
('CR010101:AN010102:CO456', -0.438596, '2018-11-01', 'FTAn19#001'),
('CR010101:AN010102:CO456', -0.438596, '2018-12-01', 'FTAn19#001'),
('CR010101:AN0102', 0.292398, '2019-12-01', 'FTAn20#113'),
('CR010101:AN0102', 0.32418, '2020-01-01', 'FTAn20#117'),
('CR010101:AN0102', 0.553013, '2020-02-01', 'FTAn20#117'),
('CR010101:AN020101', -0.584795, '2020-01-01', 'FTAn20#055'),
('CR010101:AN020101', -0.355962, '2019-02-01', 'FTAn19#011'),
('CR010101:AN020101', -0.292398, '2020-01-01', 'FTAn20#055'),
('CR010101:AN020101', -0.228833, '2019-01-01', 'FTAn19#011'),
('CR010101:AN020101:CO456', -0.194932, '2020-02-01', 'FTAn20#065'),
('CR010101:AN020101:CO456', -0.194932, '2020-03-01', 'FTAn20#065'),
('CR010101:AN020101:CO456', -0.194932, '2020-04-01', 'FTAn20#065'),
('CR010101:AN0202:CO123', -0.584795, '2020-06-01', 'FTAn20#075'),
('CR010101:AN0202:CO123', -0.438596, '2019-05-01', 'FTAn19#027'),
('CR010101:AN0202:CO123', -0.438596, '2019-06-01', 'FTAn19#027'),
('CR010101:AN0202:CO456', -0.292398, '2020-06-01', 'FTAn20#075'),
('CR010102:AN010101', -0.584795, '2019-09-01', 'FTAn19#039'),
('CR010102:AN010101', -0.553013, '2020-02-01', 'FTAn20#059'),
('CR010102:AN010101', -0.32418, '2020-01-01', 'FTAn20#059'),
('CR010102:AN010101:CO123', -0.584795, '2020-04-01', 'FTAn20#067'),
('CR010102:AN010101:CO456', -0.877193, '2019-10-01', 'FTAn19#041'),
('CR010102:AN010101:CO456', -0.292398, '2019-09-01', 'FTAn19#039'),
('CR010102:AN010102', 0.292398, '2020-09-01', 'FTAn20#130'),
('CR010102:AN010102:CO456', -0.292398, '2019-07-01', 'FTAn19#029'),
('CR010102:AN020101', 0.584795, '2019-05-01', 'FTAn19#099'),
('CR010102:AN020101:CO123', -0.292398, '2019-06-01', 'FTAn19#025'),
('CR010102:AN020101:CO123', -0.292398, '2020-04-01', 'FTAn20#067'),
('CR010102:AN020101:CO456', -0.584795, '2019-06-01', 'FTAn19#025'),
('CR010102:AN020102', 0.190694, '2020-09-01', 'FTAn20#131'),
('CR010102:AN020102', 0.292398, '2019-06-01', 'FTAn19#101'),
('CR010102:AN020102', 0.394101, '2020-10-01', 'FTAn20#131'),
('CR010102:AN020102', 0.877193, '2020-08-01', 'FTAn20#129'),
('CR010102:AN020102:CO456', -0.292398, '2020-01-01', 'FTAn20#063'),
('CR010102:AN020102:CO456', -0.292398, '2020-02-01', 'FTAn20#063'),
('CR010102:AN020102:CO456', -0.292398, '2020-03-01', 'FTAn20#063'),
('CR010102:AN0202', -0.877193, '2019-04-01', 'FTAn19#019'),
('CR010102:AN0202', 0.292398, '2019-05-01', 'FTAn19#099'),
('CR010102:AN0202', 0.584795, '2019-06-01', 'FTAn19#101'),
('CR010102:AN0202:CO123', -0.292398, '2018-12-01', 'FTAn19#007'),
('CR010102:AN0202:CO123', -0.292398, '2019-01-01', 'FTAn19#007'),
('CR010102:AN0202:CO123', -0.146199, '2018-12-01', 'FTAn19#007'),
('CR010102:AN0202:CO123', -0.146199, '2019-01-01', 'FTAn19#007'),
('CR0102:AN010101', 0.584795, '2019-02-01', 'FTAn19#093'),
('CR0102:AN010101', 0.584795, '2019-09-01', 'FTAn19#107'),
('CR0102:AN010101:CO123', -0.591152, '2019-03-01', 'FTAn19#013'),
('CR0102:AN010101:CO123', -0.286041, '2019-02-01', 'FTAn19#013'),
('CR0102:AN010102', 0.292398, '2019-09-01', 'FTAn19#107'),
('CR0102:AN010102:CO123', -0.584795, '2020-02-01', 'FTAn20#057'),
('CR0102:AN010102:CO123', -0.292398, '2020-07-01', 'FTAn20#077'),
('CR0102:AN010102:CO456', -0.584795, '2019-07-01', 'FTAn19#029'),
('CR0102:AN0102', -0.0974659, '2020-06-01', 'FTAn20#081'),
('CR0102:AN0102', -0.0974659, '2020-07-01', 'FTAn20#081'),
('CR0102:AN0102', -0.0974659, '2020-08-01', 'FTAn20#081'),
('CR0102:AN0102', 0.292398, '2019-02-01', 'FTAn19#093'),
('CR0102:AN0102:CO456', -0.572082, '2019-04-01', 'FTAn19#017'),
('CR0102:AN0102:CO456', -0.305111, '2019-03-01', 'FTAn19#017'),
('CR0102:AN020101', 0.877193, '2020-03-01', 'FTAn20#119'),
('CR0102:AN020102', -0.877193, '2019-01-01', 'FTAn19#005'),
('CR0102:AN020102', 0.0953471, '2020-09-01', 'FTAn20#131'),
('CR0102:AN020102', 0.197051, '2020-10-01', 'FTAn20#131'),
('CR0102:AN020102', 0.438596, '2019-02-01', 'FTAn19#095'),
('CR0102:AN020102', 0.438596, '2019-03-01', 'FTAn19#095'),
('CR0102:AN0202', -0.394101, '2019-12-01', 'FTAn20#049'),
('CR0102:AN0202', -0.190694, '2019-11-01', 'FTAn20#049'),
('CR0102:AN0202:CO123', -0.584795, '2020-07-01', 'FTAn20#077'),
('CR0102:AN0202:CO123', -0.292398, '2020-07-01', 'FTAn20#084'),
('CR0102:AN0202:CO123', -0.292398, '2020-08-01', 'FTAn20#084'),
('CR0102:AN0202:CO123', -0.292398, '2020-09-01', 'FTAn20#084'),
('CR0102:AN0202:CO456', -0.197051, '2019-12-01', 'FTAn20#049'),
('CR0102:AN0202:CO456', -0.0953471, '2019-11-01', 'FTAn20#049'),
('CR020101:AN010101', 0.877193, '2019-10-01', 'FTAn19#109'),
('CR020101:AN010101:CO456', -0.438596, '2019-10-01', 'FTAn19#045'),
('CR020101:AN010101:CO456', -0.438596, '2019-11-01', 'FTAn19#045'),
('CR020101:AN010102', 0.292398, '2019-02-01', 'FTAn19#097'),
('CR020101:AN010102', 0.292398, '2019-03-01', 'FTAn19#097'),
('CR020101:AN010102', 0.292398, '2019-04-01', 'FTAn19#097'),
('CR020101:AN010102:CO123', -0.877193, '2019-02-01', 'FTAn19#009'),
('CR020101:AN0102', -0.438596, '2019-06-01', 'FTAn19#031'),
('CR020101:AN0102', -0.438596, '2019-07-01', 'FTAn19#031'),
('CR020101:AN0102', -0.194932, '2020-06-01', 'FTAn20#081'),
('CR020101:AN0102', -0.194932, '2020-07-01', 'FTAn20#081'),
('CR020101:AN0102', -0.194932, '2020-08-01', 'FTAn20#081'),
('CR020101:AN0102', 0.584795, '2019-12-01', 'FTAn20#113'),
('CR020101:AN0102:CO123', -0.877193, '2020-09-01', 'FTAn20#083'),
('CR020101:AN020101', -0.177981, '2019-02-01', 'FTAn19#011'),
('CR020101:AN020101', -0.114416, '2019-01-01', 'FTAn19#011'),
('CR020101:AN020101:CO456', -0.438596, '2020-04-01', 'FTAn20#069'),
('CR020101:AN020101:CO456', -0.438596, '2020-05-01', 'FTAn20#069'),
('CR020101:AN020102', -0.877193, '2020-05-01', 'FTAn20#071'),
('CR020101:AN0202', -0.194932, '2020-09-01', 'FTAn20#087'),
('CR020101:AN0202', -0.194932, '2020-10-01', 'FTAn20#087'),
('CR020101:AN0202', -0.194932, '2020-11-01', 'FTAn20#087'),
('CR020101:AN0202', 0.292398, '2019-07-01', 'FTAn19#103'),
('CR020101:AN0202', 0.584795, '2019-07-01', 'FTAn19#103'),
('CR020101:AN0202:CO123', -0.0974659, '2020-09-01', 'FTAn20#087'),
('CR020101:AN0202:CO123', -0.0974659, '2020-10-01', 'FTAn20#087'),
('CR020101:AN0202:CO123', -0.0974659, '2020-11-01', 'FTAn20#087'),
('CR020102:AN010102', -0.292398, '2020-08-01', 'FTAn20#086'),
('CR020102:AN010102', -0.292398, '2020-09-01', 'FTAn20#086'),
('CR020102:AN010102', -0.292398, '2020-10-01', 'FTAn20#086'),
('CR020102:AN010102', 0.584795, '2020-09-01', 'FTAn20#130'),
('CR020102:AN010102:CO456', -0.877193, '2020-06-01', 'FTAn20#073'),
('CR020102:AN0102', -0.877193, '2019-09-01', 'FTAn19#037'),
('CR020102:AN0102', -0.877193, '2020-10-01', 'FTAn20#085'),
('CR020102:AN0102', 0.0974659, '2020-05-01', 'FTAn20#127'),
('CR020102:AN0102', 0.0974659, '2020-06-01', 'FTAn20#127'),
('CR020102:AN0102', 0.0974659, '2020-07-01', 'FTAn20#127'),
('CR020102:AN0102', 0.194932, '2020-05-01', 'FTAn20#127'),
('CR020102:AN0102', 0.194932, '2020-06-01', 'FTAn20#127'),
('CR020102:AN0102', 0.194932, '2020-07-01', 'FTAn20#127'),
('CR020102:AN0102:CO456', -0.194932, '2019-01-01', 'FTAn19#015'),
('CR020102:AN0102:CO456', -0.194932, '2019-02-01', 'FTAn19#015'),
('CR020102:AN0102:CO456', -0.194932, '2019-03-01', 'FTAn19#015'),
('CR020102:AN0102:CO456', -0.0974659, '2019-01-01', 'FTAn19#015'),
('CR020102:AN0102:CO456', -0.0974659, '2019-02-01', 'FTAn19#015'),
('CR020102:AN0102:CO456', -0.0974659, '2019-03-01', 'FTAn19#015'),
('CR020102:AN020101', 0.0974659, '2020-04-01', 'FTAn20#125'),
('CR020102:AN020101', 0.0974659, '2020-05-01', 'FTAn20#125'),
('CR020102:AN020101', 0.0974659, '2020-06-01', 'FTAn20#125'),
('CR020102:AN020101:CO123', -0.877193, '2019-12-01', 'FTAn20#051'),
('CR020102:AN020102', 0.194932, '2020-04-01', 'FTAn20#125'),
('CR020102:AN020102', 0.194932, '2020-05-01', 'FTAn20#125'),
('CR020102:AN020102', 0.194932, '2020-06-01', 'FTAn20#125'),
('CR020102:AN020102:CO123', -0.591152, '2020-01-01', 'FTAn20#053'),
('CR020102:AN020102:CO123', -0.584795, '2018-12-01', 'FTAn19#003'),
('CR020102:AN020102:CO123', -0.292398, '2019-08-01', 'FTAn19#035'),
('CR020102:AN020102:CO123', -0.286041, '2019-12-01', 'FTAn20#053'),
('CR020102:AN0202', 0.438596, '2020-04-01', 'FTAn20#123'),
('CR020102:AN0202', 0.438596, '2020-05-01', 'FTAn20#123'),
('CR020102:AN0202:CO123', -0.292398, '2018-12-01', 'FTAn19#003'),
('CR0202:AN010101', -0.591152, '2020-07-01', 'FTAn20#079'),
('CR0202:AN010101', -0.286041, '2020-06-01', 'FTAn20#079'),
('CR0202:AN010101', 0.146199, '2020-03-01', 'FTAn20#121'),
('CR0202:AN010101', 0.146199, '2020-04-01', 'FTAn20#121'),
('CR0202:AN010101:CO123', -0.877193, '2020-08-01', 'FTAn20#082'),
('CR0202:AN010102:CO123', -0.292398, '2020-02-01', 'FTAn20#057'),
('CR0202:AN0102', 0.292398, '2020-03-01', 'FTAn20#121'),
('CR0202:AN0102', 0.292398, '2020-04-01', 'FTAn20#121'),
('CR0202:AN0102:CO456', -0.877193, '2020-03-01', 'FTAn20#061'),
('CR0202:AN020101', 0.0953471, '2019-07-01', 'FTAn19#105'),
('CR0202:AN020101', 0.190694, '2019-07-01', 'FTAn19#105'),
('CR0202:AN020101', 0.197051, '2019-08-01', 'FTAn19#105'),
('CR0202:AN020101', 0.292398, '2018-10-01', 'FTAn19#089'),
('CR0202:AN020101', 0.292398, '2018-11-01', 'FTAn19#089'),
('CR0202:AN020101', 0.292398, '2018-12-01', 'FTAn19#089'),
('CR0202:AN020101', 0.394101, '2019-08-01', 'FTAn19#105'),
('CR0202:AN020101:CO456', -0.438596, '2019-04-01', 'FTAn19#021'),
('CR0202:AN020101:CO456', -0.438596, '2019-05-01', 'FTAn19#021'),
('CR0202:AN020101:CO456', -0.292398, '2019-07-01', 'FTAn19#033'),
('CR0202:AN020101:CO456', -0.292398, '2019-08-01', 'FTAn19#033'),
('CR0202:AN020102', -0.572082, '2020-11-01', 'FTAn20#088'),
('CR0202:AN020102', -0.305111, '2020-10-01', 'FTAn20#088'),
('CR0202:AN020102:CO123', -0.584795, '2019-08-01', 'FTAn19#035'),
('CR0202:AN020102:CO456', -0.877193, '2019-05-01', 'FTAn19#023'),
('CR0202:AN020102:CO456', -0.146199, '2019-07-01', 'FTAn19#033'),
('CR0202:AN020102:CO456', -0.146199, '2019-08-01', 'FTAn19#033'),
('CR0202:AN0202', 0.305111, '2019-10-01', 'FTAn19#111'),
('CR0202:AN0202', 0.572082, '2019-11-01', 'FTAn19#111'),
('FO0000111', -0.942982, '2019-01-01', 'FTAn19#005'),
('FO0000111', -0.942982, '2019-05-01', 'FTAn19#023'),
('FO0000111', -0.942982, '2019-06-01', 'FTAn19#025'),
('FO0000111', -0.942982, '2020-02-01', 'FTAn20#057'),
('FO0000111', -0.942982, '2020-06-01', 'FTAn20#075'),
('FO0000111', -0.635488, '2019-12-01', 'FTAn20#049'),
('FO0000111', -0.635488, '2020-01-01', 'FTAn20#053'),
('FO0000111', -0.471491, '2018-11-01', 'FTAn19#001'),
('FO0000111', -0.471491, '2018-12-01', 'FTAn19#001'),
('FO0000111', -0.471491, '2019-05-01', 'FTAn19#027'),
('FO0000111', -0.471491, '2019-06-01', 'FTAn19#027'),
('FO0000111', -0.471491, '2019-10-01', 'FTAn19#045'),
('FO0000111', -0.471491, '2019-11-01', 'FTAn19#045'),
('FO0000111', -0.471491, '2020-04-01', 'FTAn20#069'),
('FO0000111', -0.471491, '2020-05-01', 'FTAn20#069'),
('FO0000111', -0.314327, '2019-09-01', 'FTAn19#047'),
('FO0000111', -0.314327, '2019-10-01', 'FTAn19#047'),
('FO0000111', -0.314327, '2019-11-01', 'FTAn19#047'),
('FO0000111', -0.307494, '2019-11-01', 'FTAn20#049'),
('FO0000111', -0.307494, '2019-12-01', 'FTAn20#053'),
('FO0000111', 0.307494, '2019-11-01', 'FTAn20#049'),
('FO0000111', 0.307494, '2019-12-01', 'FTAn20#053'),
('FO0000111', 0.314327, '2019-09-01', 'FTAn19#047'),
('FO0000111', 0.314327, '2019-10-01', 'FTAn19#047'),
('FO0000111', 0.314327, '2019-11-01', 'FTAn19#047'),
('FO0000111', 0.314327, '2020-08-01', 'FTAn20#086'),
('FO0000111', 0.314327, '2020-09-01', 'FTAn20#086'),
('FO0000111', 0.314327, '2020-10-01', 'FTAn20#086'),
('FO0000111', 0.327994, '2020-10-01', 'FTAn20#088'),
('FO0000111', 0.471491, '2018-11-01', 'FTAn19#001'),
('FO0000111', 0.471491, '2018-12-01', 'FTAn19#001'),
('FO0000111', 0.471491, '2019-05-01', 'FTAn19#027'),
('FO0000111', 0.471491, '2019-06-01', 'FTAn19#027'),
('FO0000111', 0.471491, '2019-10-01', 'FTAn19#045'),
('FO0000111', 0.471491, '2019-11-01', 'FTAn19#045'),
('FO0000111', 0.471491, '2020-04-01', 'FTAn20#069'),
('FO0000111', 0.471491, '2020-05-01', 'FTAn20#069'),
('FO0000111', 0.614989, '2020-11-01', 'FTAn20#088'),
('FO0000111', 0.635488, '2019-12-01', 'FTAn20#049'),
('FO0000111', 0.635488, '2020-01-01', 'FTAn20#053'),
('FO0000111', 0.942982, '2019-01-01', 'FTAn19#005'),
('FO0000111', 0.942982, '2019-05-01', 'FTAn19#023'),
('FO0000111', 0.942982, '2019-06-01', 'FTAn19#025'),
('FO0000111', 0.942982, '2020-02-01', 'FTAn20#057'),
('FO0000111', 0.942982, '2020-06-01', 'FTAn20#075'),
('FO0000111', 0.942982, '2020-08-01', 'FTAn20#082'),
('FO0000111', 0.942982, '2020-09-01', 'FTAn20#083'),
('FO0000222', -0.868421, '2019-07-01', 'FTAn19#029'),
('FO0000222', -0.868421, '2020-05-01', 'FTAn20#071'),
('FO0000222', -0.868421, '2020-07-01', 'FTAn20#077'),
('FO0000222', -0.868421, '2018-12-01', 'FTAn19#003'),
('FO0000222', -0.868421, '2019-09-01', 'FTAn19#039'),
('FO0000222', -0.868421, '2019-10-01', 'FTAn19#043'),
('FO0000222', -0.868421, '2020-06-01', 'FTAn20#073'),
('FO0000222', -0.566362, '2019-04-01', 'FTAn19#017'),
('FO0000222', -0.547483, '2020-02-01', 'FTAn20#059'),
('FO0000222', -0.434211, '2018-12-01', 'FTAn19#007'),
('FO0000222', -0.434211, '2019-01-01', 'FTAn19#007'),
('FO0000222', -0.434211, '2019-04-01', 'FTAn19#021'),
('FO0000222', -0.434211, '2019-05-01', 'FTAn19#021'),
('FO0000222', -0.434211, '2019-06-01', 'FTAn19#031'),
('FO0000222', -0.434211, '2019-07-01', 'FTAn19#031'),
('FO0000222', -0.320938, '2020-01-01', 'FTAn20#059'),
('FO0000222', -0.302059, '2019-03-01', 'FTAn19#017'),
('FO0000222', -0.289474, '2019-01-01', 'FTAn19#015'),
('FO0000222', -0.289474, '2019-02-01', 'FTAn19#015'),
('FO0000222', -0.289474, '2019-03-01', 'FTAn19#015'),
('FO0000222', -0.289474, '2020-02-01', 'FTAn20#065'),
('FO0000222', -0.289474, '2020-03-01', 'FTAn20#065'),
('FO0000222', -0.289474, '2020-04-01', 'FTAn20#065'),
('FO0000222', 0.289474, '2019-01-01', 'FTAn19#015'),
('FO0000222', 0.289474, '2019-02-01', 'FTAn19#015'),
('FO0000222', 0.289474, '2019-03-01', 'FTAn19#015'),
('FO0000222', 0.289474, '2020-02-01', 'FTAn20#065'),
('FO0000222', 0.289474, '2020-03-01', 'FTAn20#065'),
('FO0000222', 0.289474, '2020-04-01', 'FTAn20#065'),
('FO0000222', 0.289474, '2020-07-01', 'FTAn20#084'),
('FO0000222', 0.289474, '2020-08-01', 'FTAn20#084'),
('FO0000222', 0.289474, '2020-09-01', 'FTAn20#084'),
('FO0000222', 0.302059, '2019-03-01', 'FTAn19#017'),
('FO0000222', 0.320938, '2020-01-01', 'FTAn20#059'),
('FO0000222', 0.434211, '2019-06-01', 'FTAn19#031'),
('FO0000222', 0.434211, '2019-07-01', 'FTAn19#031'),
('FO0000222', 0.434211, '2018-12-01', 'FTAn19#007'),
('FO0000222', 0.434211, '2019-01-01', 'FTAn19#007'),
('FO0000222', 0.434211, '2019-04-01', 'FTAn19#021'),
('FO0000222', 0.434211, '2019-05-01', 'FTAn19#021'),
('FO0000222', 0.547483, '2020-02-01', 'FTAn20#059'),
('FO0000222', 0.566362, '2019-04-01', 'FTAn19#017'),
('FO0000222', 0.868421, '2018-12-01', 'FTAn19#003'),
('FO0000222', 0.868421, '2019-09-01', 'FTAn19#039'),
('FO0000222', 0.868421, '2019-10-01', 'FTAn19#043'),
('FO0000222', 0.868421, '2020-06-01', 'FTAn20#073'),
('FO0000222', 0.868421, '2019-07-01', 'FTAn19#029'),
('FO0000222', 0.868421, '2020-05-01', 'FTAn20#071'),
('FO0000222', 0.868421, '2020-07-01', 'FTAn20#077'),
('FO0000222', 0.868421, '2020-10-01', 'FTAn20#085'),
('FO0000333', -1, '2019-02-01', 'FTAn19#009'),
('FO0000333', -1, '2019-04-01', 'FTAn19#019'),
('FO0000333', -1, '2019-08-01', 'FTAn19#035'),
('FO0000333', -1, '2019-09-01', 'FTAn19#037'),
('FO0000333', -1, '2019-10-01', 'FTAn19#041'),
('FO0000333', -1, '2019-12-01', 'FTAn20#051'),
('FO0000333', -1, '2020-01-01', 'FTAn20#055'),
('FO0000333', -1, '2020-03-01', 'FTAn20#061'),
('FO0000333', -1, '2020-04-01', 'FTAn20#067'),
('FO0000333', -0.673913, '2019-03-01', 'FTAn19#013'),
('FO0000333', -0.673913, '2020-07-01', 'FTAn20#079'),
('FO0000333', -0.608696, '2019-02-01', 'FTAn19#011'),
('FO0000333', -0.5, '2019-07-01', 'FTAn19#033'),
('FO0000333', -0.5, '2019-08-01', 'FTAn19#033'),
('FO0000333', -0.391304, '2019-01-01', 'FTAn19#011'),
('FO0000333', -0.333333, '2020-01-01', 'FTAn20#063'),
('FO0000333', -0.333333, '2020-02-01', 'FTAn20#063'),
('FO0000333', -0.333333, '2020-03-01', 'FTAn20#063'),
('FO0000333', -0.326087, '2019-02-01', 'FTAn19#013'),
('FO0000333', -0.326087, '2020-06-01', 'FTAn20#079'),
('FO0000333', 0.326087, '2019-02-01', 'FTAn19#013'),
('FO0000333', 0.326087, '2020-06-01', 'FTAn20#079'),
('FO0000333', 0.333333, '2020-01-01', 'FTAn20#063'),
('FO0000333', 0.333333, '2020-02-01', 'FTAn20#063'),
('FO0000333', 0.333333, '2020-03-01', 'FTAn20#063'),
('FO0000333', 0.333333, '2020-06-01', 'FTAn20#081'),
('FO0000333', 0.333333, '2020-07-01', 'FTAn20#081'),
('FO0000333', 0.333333, '2020-08-01', 'FTAn20#081'),
('FO0000333', 0.333333, '2020-09-01', 'FTAn20#087'),
('FO0000333', 0.333333, '2020-10-01', 'FTAn20#087'),
('FO0000333', 0.333333, '2020-11-01', 'FTAn20#087'),
('FO0000333', 0.391304, '2019-01-01', 'FTAn19#011'),
('FO0000333', 0.5, '2019-07-01', 'FTAn19#033'),
('FO0000333', 0.5, '2019-08-01', 'FTAn19#033'),
('FO0000333', 0.608696, '2019-02-01', 'FTAn19#011'),
('FO0000333', 0.673913, '2019-03-01', 'FTAn19#013'),
('FO0000333', 0.673913, '2020-07-01', 'FTAn20#079'),
('FO0000333', 1, '2019-02-01', 'FTAn19#009'),
('FO0000333', 1, '2019-04-01', 'FTAn19#019'),
('FO0000333', 1, '2019-08-01', 'FTAn19#035'),
('FO0000333', 1, '2019-09-01', 'FTAn19#037'),
('FO0000333', 1, '2019-10-01', 'FTAn19#041'),
('FO0000333', 1, '2019-12-01', 'FTAn20#051'),
('FO0000333', 1, '2020-01-01', 'FTAn20#055'),
('FO0000333', 1, '2020-03-01', 'FTAn20#061'),
('FO0000333', 1, '2020-04-01', 'FTAn20#067'),
('IM01', 0, '2019-01-01', 'FTAn19#011'),
('IM01', 0, '2019-02-01', 'FTAn19#009'),
('IM01', 0, '2019-02-01', 'FTAn19#011'),
('IM01', 0, '2019-02-01', 'FTAn19#013'),
('IM01', 0, '2019-03-01', 'FTAn19#013'),
('IM01', 0, '2019-04-01', 'FTAn19#019'),
('IM01', 0, '2019-07-01', 'FTAn19#033'),
('IM01', 0, '2019-08-01', 'FTAn19#033'),
('IM01', 0, '2019-08-01', 'FTAn19#035'),
('IM01', 0, '2019-09-01', 'FTAn19#037'),
('IM01', 0, '2019-10-01', 'FTAn19#041'),
('IM01', 0, '2019-12-01', 'FTAn20#051'),
('IM01', 0, '2020-01-01', 'FTAn20#055'),
('IM01', 0, '2020-01-01', 'FTAn20#063'),
('IM01', 0, '2020-02-01', 'FTAn20#063'),
('IM01', 0, '2020-03-01', 'FTAn20#061'),
('IM01', 0, '2020-03-01', 'FTAn20#063'),
('IM01', 0, '2020-04-01', 'FTAn20#067'),
('IM01', 0, '2020-06-01', 'FTAn20#079'),
('IM01', 0, '2020-06-01', 'FTAn20#081'),
('IM01', 0, '2020-07-01', 'FTAn20#079'),
('IM01', 0, '2020-07-01', 'FTAn20#081'),
('IM01', 0, '2020-08-01', 'FTAn20#081'),
('IM01', 0, '2020-09-01', 'FTAn20#087'),
('IM01', 0, '2020-10-01', 'FTAn20#087'),
('IM01', 0, '2020-11-01', 'FTAn20#087'),
('IM01', 0.0185927, '2019-11-01', 'FTAn20#049'),
('IM01', 0.0185927, '2019-12-01', 'FTAn20#053'),
('IM01', 0.0190058, '2019-09-01', 'FTAn19#047'),
('IM01', 0.0190058, '2019-10-01', 'FTAn19#047'),
('IM01', 0.0190058, '2019-11-01', 'FTAn19#047'),
('IM01', 0.0190058, '2020-08-01', 'FTAn20#086'),
('IM01', 0.0190058, '2020-09-01', 'FTAn20#086'),
('IM01', 0.0190058, '2020-10-01', 'FTAn20#086'),
('IM01', 0.0198322, '2020-10-01', 'FTAn20#088'),
('IM01', 0.0285088, '2018-11-01', 'FTAn19#001'),
('IM01', 0.0285088, '2018-12-01', 'FTAn19#001'),
('IM01', 0.0285088, '2019-05-01', 'FTAn19#027'),
('IM01', 0.0285088, '2019-06-01', 'FTAn19#027'),
('IM01', 0.0285088, '2019-10-01', 'FTAn19#045'),
('IM01', 0.0285088, '2019-11-01', 'FTAn19#045'),
('IM01', 0.0285088, '2020-04-01', 'FTAn20#069'),
('IM01', 0.0285088, '2020-05-01', 'FTAn20#069'),
('IM01', 0.0371854, '2020-11-01', 'FTAn20#088'),
('IM01', 0.0384249, '2019-12-01', 'FTAn20#049'),
('IM01', 0.0384249, '2020-01-01', 'FTAn20#053'),
('IM01', 0.0438596, '2019-01-01', 'FTAn19#015'),
('IM01', 0.0438596, '2019-02-01', 'FTAn19#015'),
('IM01', 0.0438596, '2019-03-01', 'FTAn19#015'),
('IM01', 0.0438596, '2020-02-01', 'FTAn20#065'),
('IM01', 0.0438596, '2020-03-01', 'FTAn20#065'),
('IM01', 0.0438596, '2020-04-01', 'FTAn20#065'),
('IM01', 0.0438596, '2020-07-01', 'FTAn20#084'),
('IM01', 0.0438596, '2020-08-01', 'FTAn20#084'),
('IM01', 0.0438596, '2020-09-01', 'FTAn20#084'),
('IM01', 0.0457666, '2019-03-01', 'FTAn19#017'),
('IM01', 0.048627, '2020-01-01', 'FTAn20#059'),
('IM01', 0.0570175, '2019-01-01', 'FTAn19#005'),
('IM01', 0.0570175, '2019-05-01', 'FTAn19#023'),
('IM01', 0.0570175, '2019-06-01', 'FTAn19#025'),
('IM01', 0.0570175, '2020-02-01', 'FTAn20#057'),
('IM01', 0.0570175, '2020-06-01', 'FTAn20#075'),
('IM01', 0.0570175, '2020-08-01', 'FTAn20#082'),
('IM01', 0.0570175, '2020-09-01', 'FTAn20#083'),
('IM01', 0.0657895, '2018-12-01', 'FTAn19#007'),
('IM01', 0.0657895, '2019-01-01', 'FTAn19#007'),
('IM01', 0.0657895, '2019-04-01', 'FTAn19#021'),
('IM01', 0.0657895, '2019-05-01', 'FTAn19#021'),
('IM01', 0.0657895, '2019-06-01', 'FTAn19#031'),
('IM01', 0.0657895, '2019-07-01', 'FTAn19#031'),
('IM01', 0.0829519, '2020-02-01', 'FTAn20#059'),
('IM01', 0.0858124, '2019-04-01', 'FTAn19#017'),
('IM01', 0.131579, '2018-12-01', 'FTAn19#003'),
('IM01', 0.131579, '2019-07-01', 'FTAn19#029'),
('IM01', 0.131579, '2019-09-01', 'FTAn19#039'),
('IM01', 0.131579, '2019-10-01', 'FTAn19#043'),
('IM01', 0.131579, '2020-05-01', 'FTAn20#071'),
('IM01', 0.131579, '2020-06-01', 'FTAn20#073'),
('IM01', 0.131579, '2020-07-01', 'FTAn20#077'),
('IM01', 0.131579, '2020-10-01', 'FTAn20#085'),
('IM02', -0.122807, '2020-08-01', 'FTAn20#082'),
('IM02', -0.122807, '2018-12-01', 'FTAn19#003'),
('IM02', -0.122807, '2019-01-01', 'FTAn19#005'),
('IM02', -0.122807, '2019-02-01', 'FTAn19#009'),
('IM02', -0.122807, '2019-04-01', 'FTAn19#019'),
('IM02', -0.122807, '2019-05-01', 'FTAn19#023'),
('IM02', -0.122807, '2019-06-01', 'FTAn19#025'),
('IM02', -0.122807, '2019-07-01', 'FTAn19#029'),
('IM02', -0.122807, '2019-08-01', 'FTAn19#035'),
('IM02', -0.122807, '2019-09-01', 'FTAn19#037'),
('IM02', -0.122807, '2019-10-01', 'FTAn19#041'),
('IM02', -0.122807, '2019-10-01', 'FTAn19#043'),
('IM02', -0.122807, '2019-12-01', 'FTAn20#051'),
('IM02', -0.122807, '2020-01-01', 'FTAn20#055'),
('IM02', -0.122807, '2020-02-01', 'FTAn20#057'),
('IM02', -0.122807, '2020-03-01', 'FTAn20#061'),
('IM02', -0.122807, '2020-04-01', 'FTAn20#067'),
('IM02', -0.122807, '2020-05-01', 'FTAn20#071'),
('IM02', -0.122807, '2020-06-01', 'FTAn20#073'),
('IM02', -0.122807, '2020-07-01', 'FTAn20#077'),
('IM02', -0.122807, '2020-09-01', 'FTAn20#083'),
('IM02', -0.122807, '2019-09-01', 'FTAn19#039'),
('IM02', -0.122807, '2020-06-01', 'FTAn20#075'),
('IM02', -0.122807, '2020-10-01', 'FTAn20#085'),
('IM02', -0.0827613, '2020-01-01', 'FTAn20#053'),
('IM02', -0.0827613, '2019-03-01', 'FTAn19#013'),
('IM02', -0.0827613, '2019-12-01', 'FTAn20#049'),
('IM02', -0.0827613, '2020-07-01', 'FTAn20#079'),
('IM02', -0.0800915, '2019-04-01', 'FTAn19#017'),
('IM02', -0.0800915, '2020-11-01', 'FTAn20#088'),
('IM02', -0.0774218, '2020-02-01', 'FTAn20#059'),
('IM02', -0.0747521, '2019-02-01', 'FTAn19#011'),
('IM02', -0.0614035, '2018-11-01', 'FTAn19#001'),
('IM02', -0.0614035, '2018-12-01', 'FTAn19#001'),
('IM02', -0.0614035, '2019-04-01', 'FTAn19#021'),
('IM02', -0.0614035, '2019-05-01', 'FTAn19#021'),
('IM02', -0.0614035, '2019-05-01', 'FTAn19#027'),
('IM02', -0.0614035, '2019-06-01', 'FTAn19#027'),
('IM02', -0.0614035, '2019-06-01', 'FTAn19#031'),
('IM02', -0.0614035, '2019-07-01', 'FTAn19#031'),
('IM02', -0.0614035, '2019-07-01', 'FTAn19#033'),
('IM02', -0.0614035, '2019-08-01', 'FTAn19#033'),
('IM02', -0.0614035, '2019-10-01', 'FTAn19#045'),
('IM02', -0.0614035, '2019-11-01', 'FTAn19#045'),
('IM02', -0.0614035, '2020-04-01', 'FTAn20#069'),
('IM02', -0.0614035, '2020-05-01', 'FTAn20#069'),
('IM02', -0.0614035, '2018-12-01', 'FTAn19#007'),
('IM02', -0.0614035, '2019-01-01', 'FTAn19#007'),
('IM02', -0.0480549, '2019-01-01', 'FTAn19#011'),
('IM02', -0.0453852, '2020-01-01', 'FTAn20#059'),
('IM02', -0.0427155, '2019-03-01', 'FTAn19#017'),
('IM02', -0.0427155, '2020-10-01', 'FTAn20#088'),
('IM02', -0.0409357, '2019-01-01', 'FTAn19#015'),
('IM02', -0.0409357, '2019-02-01', 'FTAn19#015'),
('IM02', -0.0409357, '2019-03-01', 'FTAn19#015'),
('IM02', -0.0409357, '2019-09-01', 'FTAn19#047'),
('IM02', -0.0409357, '2019-10-01', 'FTAn19#047'),
('IM02', -0.0409357, '2019-11-01', 'FTAn19#047'),
('IM02', -0.0409357, '2020-01-01', 'FTAn20#063'),
('IM02', -0.0409357, '2020-02-01', 'FTAn20#063'),
('IM02', -0.0409357, '2020-02-01', 'FTAn20#065'),
('IM02', -0.0409357, '2020-03-01', 'FTAn20#063'),
('IM02', -0.0409357, '2020-03-01', 'FTAn20#065'),
('IM02', -0.0409357, '2020-04-01', 'FTAn20#065'),
('IM02', -0.0409357, '2020-06-01', 'FTAn20#081'),
('IM02', -0.0409357, '2020-07-01', 'FTAn20#081'),
('IM02', -0.0409357, '2020-07-01', 'FTAn20#084'),
('IM02', -0.0409357, '2020-08-01', 'FTAn20#081'),
('IM02', -0.0409357, '2020-08-01', 'FTAn20#084'),
('IM02', -0.0409357, '2020-09-01', 'FTAn20#084'),
('IM02', -0.0409357, '2020-09-01', 'FTAn20#087'),
('IM02', -0.0409357, '2020-10-01', 'FTAn20#087'),
('IM02', -0.0409357, '2020-11-01', 'FTAn20#087'),
('IM02', -0.0409357, '2020-08-01', 'FTAn20#086'),
('IM02', -0.0409357, '2020-09-01', 'FTAn20#086'),
('IM02', -0.0409357, '2020-10-01', 'FTAn20#086'),
('IM02', -0.0400458, '2019-02-01', 'FTAn19#013'),
('IM02', -0.0400458, '2019-11-01', 'FTAn20#049'),
('IM02', -0.0400458, '2019-12-01', 'FTAn20#053'),
('IM02', -0.0400458, '2020-06-01', 'FTAn20#079'),
('IM02', 0.0400458, '2019-07-01', 'FTAn19#105'),
('IM02', 0.0400458, '2020-09-01', 'FTAn20#131'),
('IM02', 0.0409357, '2018-10-01', 'FTAn19#089'),
('IM02', 0.0409357, '2018-11-01', 'FTAn19#089'),
('IM02', 0.0409357, '2018-12-01', 'FTAn19#089'),
('IM02', 0.0409357, '2019-02-01', 'FTAn19#097'),
('IM02', 0.0409357, '2019-03-01', 'FTAn19#097'),
('IM02', 0.0409357, '2019-04-01', 'FTAn19#097'),
('IM02', 0.0409357, '2020-04-01', 'FTAn20#125'),
('IM02', 0.0409357, '2020-05-01', 'FTAn20#125'),
('IM02', 0.0409357, '2020-05-01', 'FTAn20#127'),
('IM02', 0.0409357, '2020-06-01', 'FTAn20#125'),
('IM02', 0.0409357, '2020-06-01', 'FTAn20#127'),
('IM02', 0.0409357, '2020-07-01', 'FTAn20#127'),
('IM02', 0.0427155, '2019-10-01', 'FTAn19#111'),
('IM02', 0.0453852, '2020-01-01', 'FTAn20#117'),
('IM02', 0.0614035, '2018-12-01', 'FTAn19#091'),
('IM02', 0.0614035, '2019-01-01', 'FTAn19#091'),
('IM02', 0.0614035, '2019-02-01', 'FTAn19#095'),
('IM02', 0.0614035, '2019-03-01', 'FTAn19#095'),
('IM02', 0.0614035, '2020-03-01', 'FTAn20#121'),
('IM02', 0.0614035, '2020-04-01', 'FTAn20#121'),
('IM02', 0.0614035, '2020-04-01', 'FTAn20#123'),
('IM02', 0.0614035, '2020-05-01', 'FTAn20#123'),
('IM02', 0.0774218, '2020-02-01', 'FTAn20#117'),
('IM02', 0.0800915, '2019-11-01', 'FTAn19#111'),
('IM02', 0.0827613, '2019-08-01', 'FTAn19#105'),
('IM02', 0.0827613, '2020-10-01', 'FTAn20#131'),
('IM02', 0.122807, '2019-02-01', 'FTAn19#093'),
('IM02', 0.122807, '2019-05-01', 'FTAn19#099'),
('IM02', 0.122807, '2019-06-01', 'FTAn19#101'),
('IM02', 0.122807, '2019-07-01', 'FTAn19#103'),
('IM02', 0.122807, '2019-09-01', 'FTAn19#107'),
('IM02', 0.122807, '2019-10-01', 'FTAn19#109'),
('IM02', 0.122807, '2019-12-01', 'FTAn20#113'),
('IM02', 0.122807, '2020-01-01', 'FTAn20#115'),
('IM02', 0.122807, '2020-03-01', 'FTAn20#119'),
('IM02', 0.122807, '2020-08-01', 'FTAn20#129'),
('IM02', 0.122807, '2020-09-01', 'FTAn20#130'),
('IM02', 0.122807, '2020-11-01', 'FTAn20#132');

INSERT INTO `DOC_DocEstados` (`Id`, `TipoDoc`, `Estado`, `Descricao`, `Schema`) VALUES
(1, 'FaturaFornecedor', 'PorClassificarFornecedor', 'Existe no sistema apenas com um PDF.', '{\"Fornecedor\":\"string\",\"Descricao\":\"string?\"}'),
(2, 'FaturaFornecedor', 'PorClassificarAnalitica', 'À espera de ser classificada em termos de contabilidade analítica.', '{\"CentroResultados\":\"string\",\"Analitica\":\"string\",\"Colaborador\":\"string\"}'),
(3, 'FaturaFornecedor', 'PorRegistarContabilidade', 'À espera de integrar custo no software de contabilidade fiscal.', '{}'),
(4, 'FaturaFornecedor', 'PorAnexarCPagamento', 'À espera de ser anexado comprovativo de pagamento.', '{\"FileId\":\"string\"}'),
(5, 'FaturaFornecedor', 'PorRegistarPagamentoContab', 'À espera de integrar pagamento no software de contabilidade fiscal.', '{}'),
(6, 'FaturaFornecedor', 'Concluido', 'Todos os procedimentos foram realizados.', '{}'),
(7, 'ComprovativoPagamento', 'PorAprovar', NULL, '{}'),
(8, 'ComprovativoPagamento', 'Concluido', NULL, '{}'),
(9, 'FaturaCliente', 'PorClassificarCliente', NULL, '{}'),
(10, 'FaturaCliente', 'PorClassificarAnalitica', NULL, '{}'),
(11, 'FaturaCliente', 'PorAnexarCPagamento', NULL, '{}'),
(12, 'FaturaCliente', 'Concluido', NULL, '{}');

INSERT INTO `DOC_Documentos` (`Id`, `NumSerie`, `Tipo`, `Estado`, `FileId`, `Extra`) VALUES
(1, 'FTAn19#001', 'FaturaFornecedor', 'Concluido', 'file1', '{\"FileExtra\": {\"receivedAtEmailInbox\": \"faturasfornecedor\"}, \"NumFatura\": \"123\", \"ProjetoProvisorio\": \"01\", \"DataFatura\": \"2019-01-15\", \"DataRecebida\": \"2012-12-12\", \"DataValidade\": \"2012-12-12\", \"FornecedorCodigo\": \"FO0000111\", \"Moeda\": \"AKZ\", \"Descricao\": \"Fatura de fornecedor 1\", \"PeriodoFaturacao\": {\"Inicio\": \"2018-11-1\", \"Fim\": \"2018-12-31\"}, \"Valor\": {\"Bens\": {\"ValorBase\": 0, \"Iva\": 0}, \"Servicos\": {\"ValorBase\": 2280701.75, \"Iva\": 319298.25}}, \"ClassificacaoAnalitica\": [{\"CentroResultados\": \"CR010101\", \"Analitica\": \"AN010102\", \"Colaborador\": \"CO456\", \"Valor\": 2600000}], \"ComprovativoPagamentoId\": 2}'),
(2, 'FTAn19#002', 'ComprovativoPagamento', 'Concluido', 'file2', '{\"FileExtra\": {\"receivedAtEmailInbox\": \"comprovativospagamento\"}, \"ContaBancaria\": \"CB01\", \"DataPagamento\": \"2019-03-16\"}'),
(3, 'FTAn19#003', 'FaturaFornecedor', 'Concluido', 'file3', '{\"FileExtra\": {\"receivedAtEmailInbox\": \"faturasfornecedor\"}, \"NumFatura\": \"123\", \"ProjetoProvisorio\": \"01\", \"DataFatura\": \"2019-01-15\", \"DataRecebida\": \"2012-12-12\", \"DataValidade\": \"2012-12-12\", \"FornecedorCodigo\": \"FO0000222\", \"Moeda\": \"AKZ\", \"Descricao\": \"Fatura de fornecedor 3\", \"PeriodoFaturacao\": {\"Inicio\": \"2018-12-1\", \"Fim\": \"2018-12-31\"}, \"Valor\": {\"Bens\": {\"ValorBase\": 0, \"Iva\": 0}, \"Servicos\": {\"ValorBase\": 3947368.42, \"Iva\": 552631.58}}, \"ClassificacaoAnalitica\": [{\"CentroResultados\": \"CR020102\", \"Analitica\": \"AN020102\", \"Colaborador\": \"CO123\", \"Valor\": 3000000}, {\"CentroResultados\": \"CR020102\", \"Analitica\": \"AN0202\", \"Colaborador\": \"CO123\", \"Valor\": 1500000}], \"ComprovativoPagamentoId\": 4}'),
(4, 'FTAn19#004', 'ComprovativoPagamento', 'Concluido', 'file4', '{\"FileExtra\": {\"receivedAtEmailInbox\": \"comprovativospagamento\"}, \"ContaBancaria\": \"CB01\", \"DataPagamento\": \"2019-01-30\"}'),
(5, 'FTAn19#005', 'FaturaFornecedor', 'Concluido', 'file5', '{\"FileExtra\": {\"receivedAtEmailInbox\": \"faturasfornecedor\"}, \"NumFatura\": \"123\", \"ProjetoProvisorio\": \"01\", \"DataFatura\": \"2019-02-15\", \"DataRecebida\": \"2012-12-12\", \"DataValidade\": \"2012-12-12\", \"FornecedorCodigo\": \"FO0000111\", \"Moeda\": \"AKZ\", \"Descricao\": \"Fatura de fornecedor 5\", \"PeriodoFaturacao\": {\"Inicio\": \"2019-1-16\", \"Fim\": \"2019-1-31\"}, \"Valor\": {\"Bens\": {\"ValorBase\": 0, \"Iva\": 0}, \"Servicos\": {\"ValorBase\": 3771929.82, \"Iva\": 528070.18}}, \"ClassificacaoAnalitica\": [{\"CentroResultados\": \"CR0102\", \"Analitica\": \"AN020102\", \"Valor\": 4300000}], \"ComprovativoPagamentoId\": 6}'),
(6, 'FTAn19#006', 'ComprovativoPagamento', 'Concluido', 'file6', '{\"FileExtra\": {\"receivedAtEmailInbox\": \"comprovativospagamento\"}, \"ContaBancaria\": \"CB01\", \"DataPagamento\": \"2019-03-17\"}'),
(7, 'FTAn19#007', 'FaturaFornecedor', 'Concluido', 'file7', '{\"FileExtra\": {\"receivedAtEmailInbox\": \"faturasfornecedor\"}, \"NumFatura\": \"123\", \"ProjetoProvisorio\": \"01\", \"DataFatura\": \"2019-02-15\", \"DataRecebida\": \"2012-12-12\", \"DataValidade\": \"2012-12-12\", \"FornecedorCodigo\": \"FO0000222\", \"Moeda\": \"AKZ\", \"Descricao\": \"Fatura de fornecedor 7\", \"PeriodoFaturacao\": {\"Inicio\": \"2018-12-1\", \"Fim\": \"2019-1-31\"}, \"Valor\": {\"Bens\": {\"ValorBase\": 614035.09, \"Iva\": 85964.91}, \"Servicos\": {\"ValorBase\": 0, \"Iva\": 0}}, \"ClassificacaoAnalitica\": [{\"CentroResultados\": \"CR010102\", \"Analitica\": \"AN0202\", \"Colaborador\": \"CO123\", \"Valor\": 466666.67}, {\"CentroResultados\": \"CR010102\", \"Analitica\": \"AN0202\", \"Colaborador\": \"CO123\", \"Valor\": 233333.33}], \"ComprovativoPagamentoId\": 8}'),
(8, 'FTAn19#008', 'ComprovativoPagamento', 'Concluido', 'file8', '{\"FileExtra\": {\"receivedAtEmailInbox\": \"comprovativospagamento\"}, \"ContaBancaria\": \"CB01\", \"DataPagamento\": \"2019-04-16\"}'),
(9, 'FTAn19#009', 'FaturaFornecedor', 'Concluido', 'file9', '{\"FileExtra\": {\"receivedAtEmailInbox\": \"faturasfornecedor\"}, \"NumFatura\": \"123\", \"ProjetoProvisorio\": \"01\", \"DataFatura\": \"2019-03-15\", \"DataRecebida\": \"2012-12-12\", \"DataValidade\": \"2012-12-12\", \"FornecedorCodigo\": \"FO0000333\", \"Moeda\": \"AKZ\", \"Descricao\": \"Fatura de fornecedor 9\", \"PeriodoFaturacao\": {\"Inicio\": \"2019-2-13\", \"Fim\": \"2019-2-28\"}, \"Valor\": {\"Bens\": {\"ValorBase\": 3947368.42, \"Iva\": 552631.58}, \"Servicos\": {\"ValorBase\": 0, \"Iva\": 0}}, \"ClassificacaoAnalitica\": [{\"CentroResultados\": \"CR020101\", \"Analitica\": \"AN010102\", \"Colaborador\": \"CO123\", \"Valor\": 4500000}], \"ComprovativoPagamentoId\": 10}'),
(10, 'FTAn19#010', 'ComprovativoPagamento', 'Concluido', 'file10', '{\"FileExtra\": {\"receivedAtEmailInbox\": \"comprovativospagamento\"}, \"ContaBancaria\": \"CB01\", \"DataPagamento\": \"2019-04-29\"}'),
(11, 'FTAn19#011', 'FaturaFornecedor', 'Concluido', 'file11', '{\"FileExtra\": {\"receivedAtEmailInbox\": \"faturasfornecedor\"}, \"NumFatura\": \"123\", \"ProjetoProvisorio\": \"01\", \"DataFatura\": \"2019-03-15\", \"DataRecebida\": \"2012-12-12\", \"DataValidade\": \"2012-12-12\", \"FornecedorCodigo\": \"FO0000333\", \"Moeda\": \"AKZ\", \"Descricao\": \"Fatura de fornecedor 11\", \"PeriodoFaturacao\": {\"Inicio\": \"2019-1-14\", \"Fim\": \"2019-2-28\"}, \"Valor\": {\"Bens\": {\"ValorBase\": 614035.09, \"Iva\": 85964.91}, \"Servicos\": {\"ValorBase\": 0, \"Iva\": 0}}, \"ClassificacaoAnalitica\": [{\"CentroResultados\": \"CR010101\", \"Analitica\": \"AN020101\", \"Valor\": 466666.67}, {\"CentroResultados\": \"CR020101\", \"Analitica\": \"AN020101\", \"Valor\": 233333.33}], \"ComprovativoPagamentoId\": 12}'),
(12, 'FTAn19#012', 'ComprovativoPagamento', 'Concluido', 'file12', '{\"FileExtra\": {\"receivedAtEmailInbox\": \"comprovativospagamento\"}, \"ContaBancaria\": \"CB01\", \"DataPagamento\": \"2019-04-29\"}'),
(13, 'FTAn19#013', 'FaturaFornecedor', 'Concluido', 'file13', '{\"FileExtra\": {\"receivedAtEmailInbox\": \"faturasfornecedor\"}, \"NumFatura\": \"123\", \"ProjetoProvisorio\": \"01\", \"DataFatura\": \"2019-04-15\", \"DataRecebida\": \"2012-12-12\", \"DataValidade\": \"2012-12-12\", \"FornecedorCodigo\": \"FO0000333\", \"Moeda\": \"AKZ\", \"Descricao\": \"Fatura de fornecedor 13\", \"PeriodoFaturacao\": {\"Inicio\": \"2019-2-14\", \"Fim\": \"2019-3-31\"}, \"Valor\": {\"Bens\": {\"ValorBase\": 3333333.33, \"Iva\": 466666.67}, \"Servicos\": {\"ValorBase\": 0, \"Iva\": 0}}, \"ClassificacaoAnalitica\": [{\"CentroResultados\": \"CR0102\", \"Analitica\": \"AN010101\", \"Colaborador\": \"CO123\", \"Valor\": 3800000}], \"ComprovativoPagamentoId\": 14}'),
(14, 'FTAn19#014', 'ComprovativoPagamento', 'Concluido', 'file14', '{\"FileExtra\": {\"receivedAtEmailInbox\": \"comprovativospagamento\"}, \"ContaBancaria\": \"CB01\", \"DataPagamento\": \"2019-04-30\"}'),
(15, 'FTAn19#015', 'FaturaFornecedor', 'Concluido', 'file15', '{\"FileExtra\": {\"receivedAtEmailInbox\": \"faturasfornecedor\"}, \"NumFatura\": \"123\", \"ProjetoProvisorio\": \"01\", \"DataFatura\": \"2019-04-15\", \"DataRecebida\": \"2012-12-12\", \"DataValidade\": \"2012-12-12\", \"FornecedorCodigo\": \"FO0000222\", \"Moeda\": \"AKZ\", \"Descricao\": \"Fatura de fornecedor 15\", \"PeriodoFaturacao\": {\"Inicio\": \"2019-1-1\", \"Fim\": \"2019-3-31\"}, \"Valor\": {\"Bens\": {\"ValorBase\": 0, \"Iva\": 0}, \"Servicos\": {\"ValorBase\": 2807017.54, \"Iva\": 392982.46}}, \"ClassificacaoAnalitica\": [{\"CentroResultados\": \"CR020102\", \"Analitica\": \"AN0102\", \"Colaborador\": \"CO456\", \"Valor\": 2133333.33}, {\"CentroResultados\": \"CR020102\", \"Analitica\": \"AN0102\", \"Colaborador\": \"CO456\", \"Valor\": 1066666.67}], \"ComprovativoPagamentoId\": 16}'),
(16, 'FTAn19#016', 'ComprovativoPagamento', 'Concluido', 'file16', '{\"FileExtra\": {\"receivedAtEmailInbox\": \"comprovativospagamento\"}, \"ContaBancaria\": \"CB01\", \"DataPagamento\": \"2019-04-30\"}'),
(17, 'FTAn19#017', 'FaturaFornecedor', 'Concluido', 'file17', '{\"FileExtra\": {\"receivedAtEmailInbox\": \"faturasfornecedor\"}, \"NumFatura\": \"123\", \"ProjetoProvisorio\": \"01\", \"DataFatura\": \"2019-05-15\", \"DataRecebida\": \"2012-12-12\", \"DataValidade\": \"2012-12-12\", \"FornecedorCodigo\": \"FO0000222\", \"Moeda\": \"AKZ\", \"Descricao\": \"Fatura de fornecedor 17\", \"PeriodoFaturacao\": {\"Inicio\": \"2019-3-16\", \"Fim\": \"2019-4-30\"}, \"Valor\": {\"Bens\": {\"ValorBase\": 1491228.07, \"Iva\": 208771.93}, \"Servicos\": {\"ValorBase\": 0, \"Iva\": 0}}, \"ClassificacaoAnalitica\": [{\"CentroResultados\": \"CR0102\", \"Analitica\": \"AN0102\", \"Colaborador\": \"CO456\", \"Valor\": 1700000}], \"ComprovativoPagamentoId\": 18}'),
(18, 'FTAn19#018', 'ComprovativoPagamento', 'Concluido', 'file18', '{\"FileExtra\": {\"receivedAtEmailInbox\": \"comprovativospagamento\"}, \"ContaBancaria\": \"CB01\", \"DataPagamento\": \"2019-06-14\"}'),
(19, 'FTAn19#019', 'FaturaFornecedor', 'Concluido', 'file19', '{\"FileExtra\": {\"receivedAtEmailInbox\": \"faturasfornecedor\"}, \"NumFatura\": \"123\", \"ProjetoProvisorio\": \"01\", \"DataFatura\": \"2019-05-15\", \"DataRecebida\": \"2012-12-12\", \"DataValidade\": \"2012-12-12\", \"FornecedorCodigo\": \"FO0000333\", \"Moeda\": \"AKZ\", \"Descricao\": \"Fatura de fornecedor 19\", \"PeriodoFaturacao\": {\"Inicio\": \"2019-4-30\", \"Fim\": \"2019-4-30\"}, \"Valor\": {\"Bens\": {\"ValorBase\": 438596.49, \"Iva\": 61403.51}, \"Servicos\": {\"ValorBase\": 0, \"Iva\": 0}}, \"ClassificacaoAnalitica\": [{\"CentroResultados\": \"CR010102\", \"Analitica\": \"AN0202\", \"Valor\": 500000}], \"ComprovativoPagamentoId\": 20}'),
(20, 'FTAn19#020', 'ComprovativoPagamento', 'Concluido', 'file20', '{\"FileExtra\": {\"receivedAtEmailInbox\": \"comprovativospagamento\"}, \"ContaBancaria\": \"CB01\", \"DataPagamento\": \"2019-06-29\"}'),
(21, 'FTAn19#021', 'FaturaFornecedor', 'Concluido', 'file21', '{\"FileExtra\": {\"receivedAtEmailInbox\": \"faturasfornecedor\"}, \"NumFatura\": \"123\", \"ProjetoProvisorio\": \"01\", \"DataFatura\": \"2019-06-15\", \"DataRecebida\": \"2012-12-12\", \"DataValidade\": \"2012-12-12\", \"FornecedorCodigo\": \"FO0000222\", \"Moeda\": \"AKZ\", \"Descricao\": \"Fatura de fornecedor 21\", \"PeriodoFaturacao\": {\"Inicio\": \"2019-4-1\", \"Fim\": \"2019-5-31\"}, \"Valor\": {\"Bens\": {\"ValorBase\": 0, \"Iva\": 0}, \"Servicos\": {\"ValorBase\": 3859649.12, \"Iva\": 540350.88}}, \"ClassificacaoAnalitica\": [{\"CentroResultados\": \"CR0202\", \"Analitica\": \"AN020101\", \"Colaborador\": \"CO456\", \"Valor\": 4400000}], \"ComprovativoPagamentoId\": 22}'),
(22, 'FTAn19#022', 'ComprovativoPagamento', 'Concluido', 'file22', '{\"FileExtra\": {\"receivedAtEmailInbox\": \"comprovativospagamento\"}, \"ContaBancaria\": \"CB01\", \"DataPagamento\": \"2019-07-30\"}'),
(23, 'FTAn19#023', 'FaturaFornecedor', 'Concluido', 'file23', '{\"FileExtra\": {\"receivedAtEmailInbox\": \"faturasfornecedor\"}, \"NumFatura\": \"123\", \"ProjetoProvisorio\": \"01\", \"DataFatura\": \"2019-06-15\", \"DataRecebida\": \"2012-12-12\", \"DataValidade\": \"2012-12-12\", \"FornecedorCodigo\": \"FO0000111\", \"Moeda\": \"AKZ\", \"Descricao\": \"Fatura de fornecedor 23\", \"PeriodoFaturacao\": {\"Inicio\": \"2019-5-16\", \"Fim\": \"2019-5-31\"}, \"Valor\": {\"Bens\": {\"ValorBase\": 3684210.53, \"Iva\": 515789.47}, \"Servicos\": {\"ValorBase\": 0, \"Iva\": 0}}, \"ClassificacaoAnalitica\": [{\"CentroResultados\": \"CR0202\", \"Analitica\": \"AN020102\", \"Colaborador\": \"CO456\", \"Valor\": 4200000}], \"ComprovativoPagamentoId\": 24}'),
(24, 'FTAn19#024', 'ComprovativoPagamento', 'Concluido', 'file24', '{\"FileExtra\": {\"receivedAtEmailInbox\": \"comprovativospagamento\"}, \"ContaBancaria\": \"CB01\", \"DataPagamento\": \"2019-06-30\"}'),
(25, 'FTAn19#025', 'FaturaFornecedor', 'Concluido', 'file25', '{\"FileExtra\": {\"receivedAtEmailInbox\": \"faturasfornecedor\"}, \"NumFatura\": \"123\", \"ProjetoProvisorio\": \"01\", \"DataFatura\": \"2019-07-15\", \"DataRecebida\": \"2012-12-12\", \"DataValidade\": \"2012-12-12\", \"FornecedorCodigo\": \"FO0000111\", \"Moeda\": \"AKZ\", \"Descricao\": \"Fatura de fornecedor 25\", \"PeriodoFaturacao\": {\"Inicio\": \"2019-6-30\", \"Fim\": \"2019-6-30\"}, \"Valor\": {\"Bens\": {\"ValorBase\": 2017543.86, \"Iva\": 282456.14}, \"Servicos\": {\"ValorBase\": 0, \"Iva\": 0}}, \"ClassificacaoAnalitica\": [{\"CentroResultados\": \"CR010102\", \"Analitica\": \"AN020101\", \"Colaborador\": \"CO456\", \"Valor\": 1533333.33}, {\"CentroResultados\": \"CR010102\", \"Analitica\": \"AN020101\", \"Colaborador\": \"CO123\", \"Valor\": 766666.67}], \"ComprovativoPagamentoId\": 26}'),
(26, 'FTAn19#026', 'ComprovativoPagamento', 'Concluido', 'file26', '{\"FileExtra\": {\"receivedAtEmailInbox\": \"comprovativospagamento\"}, \"ContaBancaria\": \"CB01\", \"DataPagamento\": \"2019-07-30\"}'),
(27, 'FTAn19#027', 'FaturaFornecedor', 'Concluido', 'file27', '{\"FileExtra\": {\"receivedAtEmailInbox\": \"faturasfornecedor\"}, \"NumFatura\": \"123\", \"ProjetoProvisorio\": \"01\", \"DataFatura\": \"2019-07-15\", \"DataRecebida\": \"2012-12-12\", \"DataValidade\": \"2012-12-12\", \"FornecedorCodigo\": \"FO0000111\", \"Moeda\": \"AKZ\", \"Descricao\": \"Fatura de fornecedor 27\", \"PeriodoFaturacao\": {\"Inicio\": \"2019-5-1\", \"Fim\": \"2019-6-30\"}, \"Valor\": {\"Bens\": {\"ValorBase\": 3859649.12, \"Iva\": 540350.88}, \"Servicos\": {\"ValorBase\": 0, \"Iva\": 0}}, \"ClassificacaoAnalitica\": [{\"CentroResultados\": \"CR010101\", \"Analitica\": \"AN0202\", \"Colaborador\": \"CO123\", \"Valor\": 4400000}], \"ComprovativoPagamentoId\": 28}'),
(28, 'FTAn19#028', 'ComprovativoPagamento', 'Concluido', 'file28', '{\"FileExtra\": {\"receivedAtEmailInbox\": \"comprovativospagamento\"}, \"ContaBancaria\": \"CB01\", \"DataPagamento\": \"2019-08-14\"}'),
(29, 'FTAn19#029', 'FaturaFornecedor', 'Concluido', 'file29', '{\"FileExtra\": {\"receivedAtEmailInbox\": \"faturasfornecedor\"}, \"NumFatura\": \"123\", \"ProjetoProvisorio\": \"01\", \"DataFatura\": \"2019-08-15\", \"DataRecebida\": \"2012-12-12\", \"DataValidade\": \"2012-12-12\", \"FornecedorCodigo\": \"FO0000222\", \"Moeda\": \"AKZ\", \"Descricao\": \"Fatura de fornecedor 29\", \"PeriodoFaturacao\": {\"Inicio\": \"2019-7-1\", \"Fim\": \"2019-7-31\"}, \"Valor\": {\"Bens\": {\"ValorBase\": 0, \"Iva\": 0}, \"Servicos\": {\"ValorBase\": 2719298.25, \"Iva\": 380701.75}}, \"ClassificacaoAnalitica\": [{\"CentroResultados\": \"CR0102\", \"Analitica\": \"AN010102\", \"Colaborador\": \"CO456\", \"Valor\": 2066666.67}, {\"CentroResultados\": \"CR010102\", \"Analitica\": \"AN010102\", \"Colaborador\": \"CO456\", \"Valor\": 1033333.33}], \"ComprovativoPagamentoId\": 30}'),
(30, 'FTAn19#030', 'ComprovativoPagamento', 'Concluido', 'file30', '{\"FileExtra\": {\"receivedAtEmailInbox\": \"comprovativospagamento\"}, \"ContaBancaria\": \"CB01\", \"DataPagamento\": \"2019-09-29\"}'),
(31, 'FTAn19#031', 'FaturaFornecedor', 'Concluido', 'file31', '{\"FileExtra\": {\"receivedAtEmailInbox\": \"faturasfornecedor\"}, \"NumFatura\": \"123\", \"ProjetoProvisorio\": \"01\", \"DataFatura\": \"2019-08-15\", \"DataRecebida\": \"2012-12-12\", \"DataValidade\": \"2012-12-12\", \"FornecedorCodigo\": \"FO0000222\", \"Moeda\": \"AKZ\", \"Descricao\": \"Fatura de fornecedor 31\", \"PeriodoFaturacao\": {\"Inicio\": \"2019-6-1\", \"Fim\": \"2019-7-31\"}, \"Valor\": {\"Bens\": {\"ValorBase\": 1140350.88, \"Iva\": 159649.12}, \"Servicos\": {\"ValorBase\": 0, \"Iva\": 0}}, \"ClassificacaoAnalitica\": [{\"CentroResultados\": \"CR020101\", \"Analitica\": \"AN0102\", \"Valor\": 1300000}], \"ComprovativoPagamentoId\": 32}'),
(32, 'FTAn19#032', 'ComprovativoPagamento', 'Concluido', 'file32', '{\"FileExtra\": {\"receivedAtEmailInbox\": \"comprovativospagamento\"}, \"ContaBancaria\": \"CB01\", \"DataPagamento\": \"2019-09-29\"}'),
(33, 'FTAn19#033', 'FaturaFornecedor', 'Concluido', 'file33', '{\"FileExtra\": {\"receivedAtEmailInbox\": \"faturasfornecedor\"}, \"NumFatura\": \"123\", \"ProjetoProvisorio\": \"01\", \"DataFatura\": \"2019-09-15\", \"DataRecebida\": \"2012-12-12\", \"DataValidade\": \"2012-12-12\", \"FornecedorCodigo\": \"FO0000333\", \"Moeda\": \"AKZ\", \"Descricao\": \"Fatura de fornecedor 33\", \"PeriodoFaturacao\": {\"Inicio\": \"2019-7-1\", \"Fim\": \"2019-8-31\"}, \"Valor\": {\"Bens\": {\"ValorBase\": 0, \"Iva\": 0}, \"Servicos\": {\"ValorBase\": 2982456.14, \"Iva\": 417543.86}}, \"ClassificacaoAnalitica\": [{\"CentroResultados\": \"CR0202\", \"Analitica\": \"AN020101\", \"Colaborador\": \"CO456\", \"Valor\": 2266666.67}, {\"CentroResultados\": \"CR0202\", \"Analitica\": \"AN020102\", \"Colaborador\": \"CO456\", \"Valor\": 1133333.33}], \"ComprovativoPagamentoId\": 34}'),
(34, 'FTAn19#034', 'ComprovativoPagamento', 'Concluido', 'file34', '{\"FileExtra\": {\"receivedAtEmailInbox\": \"comprovativospagamento\"}, \"ContaBancaria\": \"CB01\", \"DataPagamento\": \"2019-11-14\"}'),
(35, 'FTAn19#035', 'FaturaFornecedor', 'Concluido', 'file35', '{\"FileExtra\": {\"receivedAtEmailInbox\": \"faturasfornecedor\"}, \"NumFatura\": \"123\", \"ProjetoProvisorio\": \"01\", \"DataFatura\": \"2019-09-15\", \"DataRecebida\": \"2012-12-12\", \"DataValidade\": \"2012-12-12\", \"FornecedorCodigo\": \"FO0000333\", \"Moeda\": \"AKZ\", \"Descricao\": \"Fatura de fornecedor 35\", \"PeriodoFaturacao\": {\"Inicio\": \"2019-8-16\", \"Fim\": \"2019-8-31\"}, \"Valor\": {\"Bens\": {\"ValorBase\": 0, \"Iva\": 0}, \"Servicos\": {\"ValorBase\": 4210526.32, \"Iva\": 589473.68}}, \"ClassificacaoAnalitica\": [{\"CentroResultados\": \"CR0202\", \"Analitica\": \"AN020102\", \"Colaborador\": \"CO123\", \"Valor\": 3200000}, {\"CentroResultados\": \"CR020102\", \"Analitica\": \"AN020102\", \"Colaborador\": \"CO123\", \"Valor\": 1600000}], \"ComprovativoPagamentoId\": 36}'),
(36, 'FTAn19#036', 'ComprovativoPagamento', 'Concluido', 'file36', '{\"FileExtra\": {\"receivedAtEmailInbox\": \"comprovativospagamento\"}, \"ContaBancaria\": \"CB01\", \"DataPagamento\": \"2019-09-30\"}'),
(37, 'FTAn19#037', 'FaturaFornecedor', 'Concluido', 'file37', '{\"FileExtra\": {\"receivedAtEmailInbox\": \"faturasfornecedor\"}, \"NumFatura\": \"123\", \"ProjetoProvisorio\": \"01\", \"DataFatura\": \"2019-10-15\", \"DataRecebida\": \"2012-12-12\", \"DataValidade\": \"2012-12-12\", \"FornecedorCodigo\": \"FO0000333\", \"Moeda\": \"AKZ\", \"Descricao\": \"Fatura de fornecedor 37\", \"PeriodoFaturacao\": {\"Inicio\": \"2019-9-30\", \"Fim\": \"2019-9-30\"}, \"Valor\": {\"Bens\": {\"ValorBase\": 1929824.56, \"Iva\": 270175.44}, \"Servicos\": {\"ValorBase\": 0, \"Iva\": 0}}, \"ClassificacaoAnalitica\": [{\"CentroResultados\": \"CR020102\", \"Analitica\": \"AN0102\", \"Valor\": 2200000}], \"ComprovativoPagamentoId\": 38}'),
(38, 'FTAn19#038', 'ComprovativoPagamento', 'Concluido', 'file38', '{\"FileExtra\": {\"receivedAtEmailInbox\": \"comprovativospagamento\"}, \"ContaBancaria\": \"CB01\", \"DataPagamento\": \"2019-12-14\"}'),
(39, 'FTAn19#039', 'FaturaFornecedor', 'Concluido', 'file39', '{\"FileExtra\": {\"receivedAtEmailInbox\": \"faturasfornecedor\"}, \"NumFatura\": \"123\", \"ProjetoProvisorio\": \"01\", \"DataFatura\": \"2019-10-15\", \"DataRecebida\": \"2012-12-12\", \"DataValidade\": \"2012-12-12\", \"FornecedorCodigo\": \"FO0000222\", \"Moeda\": \"AKZ\", \"Descricao\": \"Fatura de fornecedor 39\", \"PeriodoFaturacao\": {\"Inicio\": \"2019-9-1\", \"Fim\": \"2019-9-30\"}, \"Valor\": {\"Bens\": {\"ValorBase\": 0, \"Iva\": 0}, \"Servicos\": {\"ValorBase\": 701754.39, \"Iva\": 98245.61}}, \"ClassificacaoAnalitica\": [{\"CentroResultados\": \"CR010102\", \"Analitica\": \"AN010101\", \"Valor\": 533333.33}, {\"CentroResultados\": \"CR010102\", \"Analitica\": \"AN010101\", \"Colaborador\": \"CO456\", \"Valor\": 266666.67}], \"ComprovativoPagamentoId\": 40}'),
(40, 'FTAn19#040', 'ComprovativoPagamento', 'Concluido', 'file40', '{\"FileExtra\": {\"receivedAtEmailInbox\": \"comprovativospagamento\"}, \"ContaBancaria\": \"CB01\", \"DataPagamento\": \"2019-11-29\"}'),
(41, 'FTAn19#041', 'FaturaFornecedor', 'Concluido', 'file41', '{\"FileExtra\": {\"receivedAtEmailInbox\": \"faturasfornecedor\"}, \"NumFatura\": \"123\", \"ProjetoProvisorio\": \"01\", \"DataFatura\": \"2019-11-15\", \"DataRecebida\": \"2012-12-12\", \"DataValidade\": \"2012-12-12\", \"FornecedorCodigo\": \"FO0000333\", \"Moeda\": \"AKZ\", \"Descricao\": \"Fatura de fornecedor 41\", \"PeriodoFaturacao\": {\"Inicio\": \"2019-10-16\", \"Fim\": \"2019-10-31\"}, \"Valor\": {\"Bens\": {\"ValorBase\": 3245614.04, \"Iva\": 454385.96}, \"Servicos\": {\"ValorBase\": 0, \"Iva\": 0}}, \"ClassificacaoAnalitica\": [{\"CentroResultados\": \"CR010102\", \"Analitica\": \"AN010101\", \"Colaborador\": \"CO456\", \"Valor\": 3700000}], \"ComprovativoPagamentoId\": 42}'),
(42, 'FTAn19#042', 'ComprovativoPagamento', 'Concluido', 'file42', '{\"FileExtra\": {\"receivedAtEmailInbox\": \"comprovativospagamento\"}, \"ContaBancaria\": \"CB01\", \"DataPagamento\": \"2019-11-30\"}'),
(43, 'FTAn19#043', 'FaturaFornecedor', 'Concluido', 'file43', '{\"FileExtra\": {\"receivedAtEmailInbox\": \"faturasfornecedor\"}, \"NumFatura\": \"123\", \"ProjetoProvisorio\": \"01\", \"DataFatura\": \"2019-11-15\", \"DataRecebida\": \"2012-12-12\", \"DataValidade\": \"2012-12-12\", \"FornecedorCodigo\": \"FO0000222\", \"Moeda\": \"AKZ\", \"Descricao\": \"Fatura de fornecedor 43\", \"PeriodoFaturacao\": {\"Inicio\": \"2019-10-31\", \"Fim\": \"2019-10-31\"}, \"Valor\": {\"Bens\": {\"ValorBase\": 0, \"Iva\": 0}, \"Servicos\": {\"ValorBase\": 526315.79, \"Iva\": 73684.21}}, \"ClassificacaoAnalitica\": [{\"CentroResultados\": \"CR010101\", \"Analitica\": \"AN010102\", \"Colaborador\": \"CO456\", \"Valor\": 600000}], \"ComprovativoPagamentoId\": 44}'),
(44, 'FTAn19#044', 'ComprovativoPagamento', 'Concluido', 'file44', '{\"FileExtra\": {\"receivedAtEmailInbox\": \"comprovativospagamento\"}, \"ContaBancaria\": \"CB01\", \"DataPagamento\": \"2019-12-15\"}'),
(45, 'FTAn19#045', 'FaturaFornecedor', 'Concluido', 'file45', '{\"FileExtra\": {\"receivedAtEmailInbox\": \"faturasfornecedor\"}, \"NumFatura\": \"123\", \"ProjetoProvisorio\": \"01\", \"DataFatura\": \"2019-12-15\", \"DataRecebida\": \"2012-12-12\", \"DataValidade\": \"2012-12-12\", \"FornecedorCodigo\": \"FO0000111\", \"Moeda\": \"AKZ\", \"Descricao\": \"Fatura de fornecedor 45\", \"PeriodoFaturacao\": {\"Inicio\": \"2019-10-1\", \"Fim\": \"2019-11-30\"}, \"Valor\": {\"Bens\": {\"ValorBase\": 2982456.14, \"Iva\": 417543.86}, \"Servicos\": {\"ValorBase\": 0, \"Iva\": 0}}, \"ClassificacaoAnalitica\": [{\"CentroResultados\": \"CR020101\", \"Analitica\": \"AN010101\", \"Colaborador\": \"CO456\", \"Valor\": 3400000}], \"ComprovativoPagamentoId\": 46}'),
(46, 'FTAn19#046', 'ComprovativoPagamento', 'Concluido', 'file46', '{\"FileExtra\": {\"receivedAtEmailInbox\": \"comprovativospagamento\"}, \"ContaBancaria\": \"CB01\", \"DataPagamento\": \"2020-01-14\"}'),
(47, 'FTAn19#047', 'FaturaFornecedor', 'Concluido', 'file47', '{\"FileExtra\": {\"receivedAtEmailInbox\": \"faturasfornecedor\"}, \"NumFatura\": \"123\", \"ProjetoProvisorio\": \"01\", \"DataFatura\": \"2019-12-15\", \"DataRecebida\": \"2012-12-12\", \"DataValidade\": \"2012-12-12\", \"FornecedorCodigo\": \"FO0000111\", \"Moeda\": \"AKZ\", \"Descricao\": \"Fatura de fornecedor 47\", \"PeriodoFaturacao\": {\"Inicio\": \"2019-9-1\", \"Fim\": \"2019-11-30\"}, \"Valor\": {\"Bens\": {\"ValorBase\": 0, \"Iva\": 0}, \"Servicos\": {\"ValorBase\": 1491228.07, \"Iva\": 208771.93}}, \"ClassificacaoAnalitica\": [{\"CentroResultados\": \"CR010101\", \"Analitica\": \"AN010102\", \"Colaborador\": \"CO123\", \"Valor\": 1700000}], \"ComprovativoPagamentoId\": 48}'),
(48, 'FTAn19#048', 'ComprovativoPagamento', 'Concluido', 'file48', '{\"FileExtra\": {\"receivedAtEmailInbox\": \"comprovativospagamento\"}, \"ContaBancaria\": \"CB01\", \"DataPagamento\": \"2020-01-14\"}'),
(49, 'FTAn20#049', 'FaturaFornecedor', 'Concluido', 'file49', '{\"FileExtra\": {\"receivedAtEmailInbox\": \"faturasfornecedor\"}, \"NumFatura\": \"123\", \"ProjetoProvisorio\": \"01\", \"DataFatura\": \"2020-01-15\", \"DataRecebida\": \"2012-12-12\", \"DataValidade\": \"2012-12-12\", \"FornecedorCodigo\": \"FO0000111\", \"Moeda\": \"AKZ\", \"Descricao\": \"Fatura de fornecedor 49\", \"PeriodoFaturacao\": {\"Inicio\": \"2019-11-16\", \"Fim\": \"2019-12-31\"}, \"Valor\": {\"Bens\": {\"ValorBase\": 1666666.67, \"Iva\": 233333.33}, \"Servicos\": {\"ValorBase\": 0, \"Iva\": 0}}, \"ClassificacaoAnalitica\": [{\"CentroResultados\": \"CR0102\", \"Analitica\": \"AN0202\", \"Valor\": 1266666.67}, {\"CentroResultados\": \"CR0102\", \"Analitica\": \"AN0202\", \"Colaborador\": \"CO456\", \"Valor\": 633333.33}], \"ComprovativoPagamentoId\": 50}'),
(50, 'FTAn20#050', 'ComprovativoPagamento', 'Concluido', 'file50', '{\"FileExtra\": {\"receivedAtEmailInbox\": \"comprovativospagamento\"}, \"ContaBancaria\": \"CB01\", \"DataPagamento\": \"2020-03-15\"}'),
(51, 'FTAn20#051', 'FaturaFornecedor', 'Concluido', 'file51', '{\"FileExtra\": {\"receivedAtEmailInbox\": \"faturasfornecedor\"}, \"NumFatura\": \"123\", \"ProjetoProvisorio\": \"01\", \"DataFatura\": \"2020-01-15\", \"DataRecebida\": \"2012-12-12\", \"DataValidade\": \"2012-12-12\", \"FornecedorCodigo\": \"FO0000333\", \"Moeda\": \"AKZ\", \"Descricao\": \"Fatura de fornecedor 51\", \"PeriodoFaturacao\": {\"Inicio\": \"2019-12-16\", \"Fim\": \"2019-12-31\"}, \"Valor\": {\"Bens\": {\"ValorBase\": 3070175.44, \"Iva\": 429824.56}, \"Servicos\": {\"ValorBase\": 0, \"Iva\": 0}}, \"ClassificacaoAnalitica\": [{\"CentroResultados\": \"CR020102\", \"Analitica\": \"AN020101\", \"Colaborador\": \"CO123\", \"Valor\": 3500000}], \"ComprovativoPagamentoId\": 52}'),
(52, 'FTAn20#052', 'ComprovativoPagamento', 'Concluido', 'file52', '{\"FileExtra\": {\"receivedAtEmailInbox\": \"comprovativospagamento\"}, \"ContaBancaria\": \"CB01\", \"DataPagamento\": \"2020-02-29\"}'),
(53, 'FTAn20#053', 'FaturaFornecedor', 'Concluido', 'file53', '{\"FileExtra\": {\"receivedAtEmailInbox\": \"faturasfornecedor\"}, \"NumFatura\": \"123\", \"ProjetoProvisorio\": \"01\", \"DataFatura\": \"2020-02-15\", \"DataRecebida\": \"2012-12-12\", \"DataValidade\": \"2012-12-12\", \"FornecedorCodigo\": \"FO0000111\", \"Moeda\": \"AKZ\", \"Descricao\": \"Fatura de fornecedor 53\", \"PeriodoFaturacao\": {\"Inicio\": \"2019-12-17\", \"Fim\": \"2020-1-31\"}, \"Valor\": {\"Bens\": {\"ValorBase\": 0, \"Iva\": 0}, \"Servicos\": {\"ValorBase\": 789473.68, \"Iva\": 110526.32}}, \"ClassificacaoAnalitica\": [{\"CentroResultados\": \"CR020102\", \"Analitica\": \"AN020102\", \"Colaborador\": \"CO123\", \"Valor\": 900000}], \"ComprovativoPagamentoId\": 54}'),
(54, 'FTAn20#054', 'ComprovativoPagamento', 'Concluido', 'file54', '{\"FileExtra\": {\"receivedAtEmailInbox\": \"comprovativospagamento\"}, \"ContaBancaria\": \"CB01\", \"DataPagamento\": \"2020-03-31\"}'),
(55, 'FTAn20#055', 'FaturaFornecedor', 'Concluido', 'file55', '{\"FileExtra\": {\"receivedAtEmailInbox\": \"faturasfornecedor\"}, \"NumFatura\": \"123\", \"ProjetoProvisorio\": \"01\", \"DataFatura\": \"2020-02-15\", \"DataRecebida\": \"2012-12-12\", \"DataValidade\": \"2012-12-12\", \"FornecedorCodigo\": \"FO0000333\", \"Moeda\": \"AKZ\", \"Descricao\": \"Fatura de fornecedor 55\", \"PeriodoFaturacao\": {\"Inicio\": \"2020-1-1\", \"Fim\": \"2020-1-31\"}, \"Valor\": {\"Bens\": {\"ValorBase\": 0, \"Iva\": 0}, \"Servicos\": {\"ValorBase\": 1140350.88, \"Iva\": 159649.12}}, \"ClassificacaoAnalitica\": [{\"CentroResultados\": \"CR010101\", \"Analitica\": \"AN020101\", \"Valor\": 866666.67}, {\"CentroResultados\": \"CR010101\", \"Analitica\": \"AN020101\", \"Valor\": 433333.33}], \"ComprovativoPagamentoId\": 56}'),
(56, 'FTAn20#056', 'ComprovativoPagamento', 'Concluido', 'file56', '{\"FileExtra\": {\"receivedAtEmailInbox\": \"comprovativospagamento\"}, \"ContaBancaria\": \"CB01\", \"DataPagamento\": \"2020-03-01\"}'),
(57, 'FTAn20#057', 'FaturaFornecedor', 'Concluido', 'file57', '{\"FileExtra\": {\"receivedAtEmailInbox\": \"faturasfornecedor\"}, \"NumFatura\": \"123\", \"ProjetoProvisorio\": \"01\", \"DataFatura\": \"2020-03-15\", \"DataRecebida\": \"2012-12-12\", \"DataValidade\": \"2012-12-12\", \"FornecedorCodigo\": \"FO0000111\", \"Moeda\": \"AKZ\", \"Descricao\": \"Fatura de fornecedor 57\", \"PeriodoFaturacao\": {\"Inicio\": \"2020-2-1\", \"Fim\": \"2020-2-29\"}, \"Valor\": {\"Bens\": {\"ValorBase\": 0, \"Iva\": 0}, \"Servicos\": {\"ValorBase\": 1578947.37, \"Iva\": 221052.63}}, \"ClassificacaoAnalitica\": [{\"CentroResultados\": \"CR0102\", \"Analitica\": \"AN010102\", \"Colaborador\": \"CO123\", \"Valor\": 1200000}, {\"CentroResultados\": \"CR0202\", \"Analitica\": \"AN010102\", \"Colaborador\": \"CO123\", \"Valor\": 600000}], \"ComprovativoPagamentoId\": 58}'),
(58, 'FTAn20#058', 'ComprovativoPagamento', 'Concluido', 'file58', '{\"FileExtra\": {\"receivedAtEmailInbox\": \"comprovativospagamento\"}, \"ContaBancaria\": \"CB01\", \"DataPagamento\": \"2020-05-14\"}'),
(59, 'FTAn20#059', 'FaturaFornecedor', 'Concluido', 'file59', '{\"FileExtra\": {\"receivedAtEmailInbox\": \"faturasfornecedor\"}, \"NumFatura\": \"123\", \"ProjetoProvisorio\": \"01\", \"DataFatura\": \"2020-03-15\", \"DataRecebida\": \"2012-12-12\", \"DataValidade\": \"2012-12-12\", \"FornecedorCodigo\": \"FO0000222\", \"Moeda\": \"AKZ\", \"Descricao\": \"Fatura de fornecedor 59\", \"PeriodoFaturacao\": {\"Inicio\": \"2020-1-15\", \"Fim\": \"2020-2-29\"}, \"Valor\": {\"Bens\": {\"ValorBase\": 1140350.88, \"Iva\": 159649.12}, \"Servicos\": {\"ValorBase\": 0, \"Iva\": 0}}, \"ClassificacaoAnalitica\": [{\"CentroResultados\": \"CR010102\", \"Analitica\": \"AN010101\", \"Valor\": 1300000}], \"ComprovativoPagamentoId\": 60}'),
(60, 'FTAn20#060', 'ComprovativoPagamento', 'Concluido', 'file60', '{\"FileExtra\": {\"receivedAtEmailInbox\": \"comprovativospagamento\"}, \"ContaBancaria\": \"CB01\", \"DataPagamento\": \"2020-05-14\"}'),
(61, 'FTAn20#061', 'FaturaFornecedor', 'Concluido', 'file61', '{\"FileExtra\": {\"receivedAtEmailInbox\": \"faturasfornecedor\"}, \"NumFatura\": \"123\", \"ProjetoProvisorio\": \"01\", \"DataFatura\": \"2020-04-15\", \"DataRecebida\": \"2012-12-12\", \"DataValidade\": \"2012-12-12\", \"FornecedorCodigo\": \"FO0000333\", \"Moeda\": \"AKZ\", \"Descricao\": \"Fatura de fornecedor 61\", \"PeriodoFaturacao\": {\"Inicio\": \"2020-3-1\", \"Fim\": \"2020-3-31\"}, \"Valor\": {\"Bens\": {\"ValorBase\": 0, \"Iva\": 0}, \"Servicos\": {\"ValorBase\": 2982456.14, \"Iva\": 417543.86}}, \"ClassificacaoAnalitica\": [{\"CentroResultados\": \"CR0202\", \"Analitica\": \"AN0102\", \"Colaborador\": \"CO456\", \"Valor\": 3400000}], \"ComprovativoPagamentoId\": 62}'),
(62, 'FTAn20#062', 'ComprovativoPagamento', 'Concluido', 'file62', '{\"FileExtra\": {\"receivedAtEmailInbox\": \"comprovativospagamento\"}, \"ContaBancaria\": \"CB01\", \"DataPagamento\": \"2020-04-30\"}'),
(63, 'FTAn20#063', 'FaturaFornecedor', 'Concluido', 'file63', '{\"FileExtra\": {\"receivedAtEmailInbox\": \"faturasfornecedor\"}, \"NumFatura\": \"123\", \"ProjetoProvisorio\": \"01\", \"DataFatura\": \"2020-04-15\", \"DataRecebida\": \"2012-12-12\", \"DataValidade\": \"2012-12-12\", \"FornecedorCodigo\": \"FO0000333\", \"Moeda\": \"AKZ\", \"Descricao\": \"Fatura de fornecedor 63\", \"PeriodoFaturacao\": {\"Inicio\": \"2020-1-1\", \"Fim\": \"2020-3-31\"}, \"Valor\": {\"Bens\": {\"ValorBase\": 1666666.67, \"Iva\": 233333.33}, \"Servicos\": {\"ValorBase\": 0, \"Iva\": 0}}, \"ClassificacaoAnalitica\": [{\"CentroResultados\": \"CR010102\", \"Analitica\": \"AN020102\", \"Colaborador\": \"CO456\", \"Valor\": 1900000}], \"ComprovativoPagamentoId\": 64}'),
(64, 'FTAn20#064', 'ComprovativoPagamento', 'Concluido', 'file64', '{\"FileExtra\": {\"receivedAtEmailInbox\": \"comprovativospagamento\"}, \"ContaBancaria\": \"CB01\", \"DataPagamento\": \"2020-06-14\"}'),
(65, 'FTAn20#065', 'FaturaFornecedor', 'Concluido', 'file65', '{\"FileExtra\": {\"receivedAtEmailInbox\": \"faturasfornecedor\"}, \"NumFatura\": \"123\", \"ProjetoProvisorio\": \"01\", \"DataFatura\": \"2020-05-15\", \"DataRecebida\": \"2012-12-12\", \"DataValidade\": \"2012-12-12\", \"FornecedorCodigo\": \"FO0000222\", \"Moeda\": \"AKZ\", \"Descricao\": \"Fatura de fornecedor 65\", \"PeriodoFaturacao\": {\"Inicio\": \"2020-2-1\", \"Fim\": \"2020-4-30\"}, \"Valor\": {\"Bens\": {\"ValorBase\": 3333333.33, \"Iva\": 466666.67}, \"Servicos\": {\"ValorBase\": 0, \"Iva\": 0}}, \"ClassificacaoAnalitica\": [{\"CentroResultados\": \"CR010101\", \"Analitica\": \"AN020101\", \"Colaborador\": \"CO456\", \"Valor\": 2533333.33}, {\"CentroResultados\": \"CR010101\", \"Analitica\": \"AN010101\", \"Colaborador\": \"CO456\", \"Valor\": 1266666.67}], \"ComprovativoPagamentoId\": 66}'),
(66, 'FTAn20#066', 'ComprovativoPagamento', 'Concluido', 'file66', '{\"FileExtra\": {\"receivedAtEmailInbox\": \"comprovativospagamento\"}, \"ContaBancaria\": \"CB01\", \"DataPagamento\": \"2020-06-14\"}'),
(67, 'FTAn20#067', 'FaturaFornecedor', 'Concluido', 'file67', '{\"FileExtra\": {\"receivedAtEmailInbox\": \"faturasfornecedor\"}, \"NumFatura\": \"123\", \"ProjetoProvisorio\": \"01\", \"DataFatura\": \"2020-05-15\", \"DataRecebida\": \"2012-12-12\", \"DataValidade\": \"2012-12-12\", \"FornecedorCodigo\": \"FO0000333\", \"Moeda\": \"AKZ\", \"Descricao\": \"Fatura de fornecedor 67\", \"PeriodoFaturacao\": {\"Inicio\": \"2020-4-1\", \"Fim\": \"2020-4-30\"}, \"Valor\": {\"Bens\": {\"ValorBase\": 4210526.32, \"Iva\": 589473.68}, \"Servicos\": {\"ValorBase\": 0, \"Iva\": 0}}, \"ClassificacaoAnalitica\": [{\"CentroResultados\": \"CR010102\", \"Analitica\": \"AN010101\", \"Colaborador\": \"CO123\", \"Valor\": 3200000}, {\"CentroResultados\": \"CR010102\", \"Analitica\": \"AN020101\", \"Colaborador\": \"CO123\", \"Valor\": 1600000}], \"ComprovativoPagamentoId\": 68}'),
(68, 'FTAn20#068', 'ComprovativoPagamento', 'Concluido', 'file68', '{\"FileExtra\": {\"receivedAtEmailInbox\": \"comprovativospagamento\"}, \"ContaBancaria\": \"CB01\", \"DataPagamento\": \"2020-05-30\"}'),
(69, 'FTAn20#069', 'FaturaFornecedor', 'Concluido', 'file69', '{\"FileExtra\": {\"receivedAtEmailInbox\": \"faturasfornecedor\"}, \"NumFatura\": \"123\", \"ProjetoProvisorio\": \"01\", \"DataFatura\": \"2020-06-15\", \"DataRecebida\": \"2012-12-12\", \"DataValidade\": \"2012-12-12\", \"FornecedorCodigo\": \"FO0000111\", \"Moeda\": \"AKZ\", \"Descricao\": \"Fatura de fornecedor 69\", \"PeriodoFaturacao\": {\"Inicio\": \"2020-4-1\", \"Fim\": \"2020-5-31\"}, \"Valor\": {\"Bens\": {\"ValorBase\": 0, \"Iva\": 0}, \"Servicos\": {\"ValorBase\": 3596491.23, \"Iva\": 503508.77}}, \"ClassificacaoAnalitica\": [{\"CentroResultados\": \"CR020101\", \"Analitica\": \"AN020101\", \"Colaborador\": \"CO456\", \"Valor\": 4100000}], \"ComprovativoPagamentoId\": 70}'),
(70, 'FTAn20#070', 'ComprovativoPagamento', 'Concluido', 'file70', '{\"FileExtra\": {\"receivedAtEmailInbox\": \"comprovativospagamento\"}, \"ContaBancaria\": \"CB01\", \"DataPagamento\": \"2020-08-14\"}'),
(71, 'FTAn20#071', 'FaturaFornecedor', 'Concluido', 'file71', '{\"FileExtra\": {\"receivedAtEmailInbox\": \"faturasfornecedor\"}, \"NumFatura\": \"123\", \"ProjetoProvisorio\": \"01\", \"DataFatura\": \"2020-06-15\", \"DataRecebida\": \"2012-12-12\", \"DataValidade\": \"2012-12-12\", \"FornecedorCodigo\": \"FO0000222\", \"Moeda\": \"AKZ\", \"Descricao\": \"Fatura de fornecedor 71\", \"PeriodoFaturacao\": {\"Inicio\": \"2020-5-1\", \"Fim\": \"2020-5-31\"}, \"Valor\": {\"Bens\": {\"ValorBase\": 0, \"Iva\": 0}, \"Servicos\": {\"ValorBase\": 1929824.56, \"Iva\": 270175.44}}, \"ClassificacaoAnalitica\": [{\"CentroResultados\": \"CR020101\", \"Analitica\": \"AN020102\", \"Valor\": 2200000}], \"ComprovativoPagamentoId\": 72}'),
(72, 'FTAn20#072', 'ComprovativoPagamento', 'Concluido', 'file72', '{\"FileExtra\": {\"receivedAtEmailInbox\": \"comprovativospagamento\"}, \"ContaBancaria\": \"CB01\", \"DataPagamento\": \"2020-08-14\"}'),
(73, 'FTAn20#073', 'FaturaFornecedor', 'Concluido', 'file73', '{\"FileExtra\": {\"receivedAtEmailInbox\": \"faturasfornecedor\"}, \"NumFatura\": \"123\", \"ProjetoProvisorio\": \"01\", \"DataFatura\": \"2020-07-15\", \"DataRecebida\": \"2012-12-12\", \"DataValidade\": \"2012-12-12\", \"FornecedorCodigo\": \"FO0000222\", \"Moeda\": \"AKZ\", \"Descricao\": \"Fatura de fornecedor 73\", \"PeriodoFaturacao\": {\"Inicio\": \"2020-6-15\", \"Fim\": \"2020-6-30\"}, \"Valor\": {\"Bens\": {\"ValorBase\": 0, \"Iva\": 0}, \"Servicos\": {\"ValorBase\": 2280701.75, \"Iva\": 319298.25}}, \"ClassificacaoAnalitica\": [{\"CentroResultados\": \"CR020102\", \"Analitica\": \"AN010102\", \"Colaborador\": \"CO456\", \"Valor\": 2600000}], \"ComprovativoPagamentoId\": 74}'),
(74, 'FTAn20#074', 'ComprovativoPagamento', 'Concluido', 'file74', '{\"FileExtra\": {\"receivedAtEmailInbox\": \"comprovativospagamento\"}, \"ContaBancaria\": \"CB01\", \"DataPagamento\": \"2020-08-14\"}'),
(75, 'FTAn20#075', 'FaturaFornecedor', 'Concluido', 'file75', '{\"FileExtra\": {\"receivedAtEmailInbox\": \"faturasfornecedor\"}, \"NumFatura\": \"123\", \"ProjetoProvisorio\": \"01\", \"DataFatura\": \"2020-07-15\", \"DataRecebida\": \"2012-12-12\", \"DataValidade\": \"2012-12-12\", \"FornecedorCodigo\": \"FO0000111\", \"Moeda\": \"AKZ\", \"Descricao\": \"Fatura de fornecedor 75\", \"PeriodoFaturacao\": {\"Inicio\": \"2020-6-30\", \"Fim\": \"2020-6-30\"}, \"Valor\": {\"Bens\": {\"ValorBase\": 701754.39, \"Iva\": 98245.61}, \"Servicos\": {\"ValorBase\": 0, \"Iva\": 0}}, \"ClassificacaoAnalitica\": [{\"CentroResultados\": \"CR010101\", \"Analitica\": \"AN0202\", \"Colaborador\": \"CO123\", \"Valor\": 533333.33}, {\"CentroResultados\": \"CR010101\", \"Analitica\": \"AN0202\", \"Colaborador\": \"CO456\", \"Valor\": 266666.67}], \"ComprovativoPagamentoId\": 76}'),
(76, 'FTAn20#076', 'ComprovativoPagamento', 'Concluido', 'file76', '{\"FileExtra\": {\"receivedAtEmailInbox\": \"comprovativospagamento\"}, \"ContaBancaria\": \"CB01\", \"DataPagamento\": \"2020-08-29\"}'),
(77, 'FTAn20#077', 'FaturaFornecedor', 'Concluido', 'file77', '{\"FileExtra\": {\"receivedAtEmailInbox\": \"faturasfornecedor\"}, \"NumFatura\": \"123\", \"ProjetoProvisorio\": \"01\", \"DataFatura\": \"2020-08-15\", \"DataRecebida\": \"2012-12-12\", \"DataValidade\": \"2012-12-12\", \"FornecedorCodigo\": \"FO0000222\", \"Moeda\": \"AKZ\", \"Descricao\": \"Fatura de fornecedor 77\", \"PeriodoFaturacao\": {\"Inicio\": \"2020-7-31\", \"Fim\": \"2020-7-31\"}, \"Valor\": {\"Bens\": {\"ValorBase\": 0, \"Iva\": 0}, \"Servicos\": {\"ValorBase\": 4122807.02, \"Iva\": 577192.98}}, \"ClassificacaoAnalitica\": [{\"CentroResultados\": \"CR0102\", \"Analitica\": \"AN0202\", \"Colaborador\": \"CO123\", \"Valor\": 3133333.33}, {\"CentroResultados\": \"CR0102\", \"Analitica\": \"AN010102\", \"Colaborador\": \"CO123\", \"Valor\": 1566666.67}], \"ComprovativoPagamentoId\": 78}'),
(78, 'FTAn20#078', 'ComprovativoPagamento', 'Concluido', 'file78', '{\"FileExtra\": {\"receivedAtEmailInbox\": \"comprovativospagamento\"}, \"ContaBancaria\": \"CB01\", \"DataPagamento\": \"2020-09-14\"}'),
(79, 'FTAn20#079', 'FaturaFornecedor', 'Concluido', 'file79', '{\"FileExtra\": {\"receivedAtEmailInbox\": \"faturasfornecedor\"}, \"NumFatura\": \"123\", \"ProjetoProvisorio\": \"01\", \"DataFatura\": \"2020-08-15\", \"DataRecebida\": \"2012-12-12\", \"DataValidade\": \"2012-12-12\", \"FornecedorCodigo\": \"FO0000333\", \"Moeda\": \"AKZ\", \"Descricao\": \"Fatura de fornecedor 79\", \"PeriodoFaturacao\": {\"Inicio\": \"2020-6-16\", \"Fim\": \"2020-7-31\"}, \"Valor\": {\"Bens\": {\"ValorBase\": 0, \"Iva\": 0}, \"Servicos\": {\"ValorBase\": 1491228.07, \"Iva\": 208771.93}}, \"ClassificacaoAnalitica\": [{\"CentroResultados\": \"CR0202\", \"Analitica\": \"AN010101\", \"Valor\": 1700000}], \"ComprovativoPagamentoId\": 80}'),
(80, 'FTAn20#080', 'ComprovativoPagamento', 'Concluido', 'file80', '{\"FileExtra\": {\"receivedAtEmailInbox\": \"comprovativospagamento\"}, \"ContaBancaria\": \"CB01\", \"DataPagamento\": \"2020-09-14\"}'),
(81, 'FTAn20#081', 'FaturaFornecedor', 'PorAnexarCPagamento', 'file81', '{\"FileExtra\": {\"receivedAtEmailInbox\": \"faturasfornecedor\"}, \"NumFatura\": \"123\", \"ProjetoProvisorio\": \"01\", \"DataFatura\": \"2020-09-15\", \"DataRecebida\": \"2012-12-12\", \"DataValidade\": \"2012-12-12\", \"FornecedorCodigo\": \"FO0000333\", \"Moeda\": \"AKZ\", \"Descricao\": \"Fatura de fornecedor 81\", \"PeriodoFaturacao\": {\"Inicio\": \"2020-6-1\", \"Fim\": \"2020-8-31\"}, \"Valor\": {\"Bens\": {\"ValorBase\": 0, \"Iva\": 0}, \"Servicos\": {\"ValorBase\": 4210526.32, \"Iva\": 589473.68}}, \"ClassificacaoAnalitica\": [{\"CentroResultados\": \"CR020101\", \"Analitica\": \"AN0102\", \"Valor\": 3200000}, {\"CentroResultados\": \"CR0102\", \"Analitica\": \"AN0102\", \"Valor\": 1600000}]}'),
(82, 'FTAn20#082', 'FaturaFornecedor', 'PorAnexarCPagamento', 'file82', '{\"FileExtra\": {\"receivedAtEmailInbox\": \"faturasfornecedor\"}, \"NumFatura\": \"123\", \"ProjetoProvisorio\": \"01\", \"DataFatura\": \"2020-09-15\", \"DataRecebida\": \"2012-12-12\", \"DataValidade\": \"2012-12-12\", \"FornecedorCodigo\": \"FO0000111\", \"Moeda\": \"AKZ\", \"Descricao\": \"Fatura de fornecedor 82\", \"PeriodoFaturacao\": {\"Inicio\": \"2020-8-16\", \"Fim\": \"2020-8-31\"}, \"Valor\": {\"Bens\": {\"ValorBase\": 789473.68, \"Iva\": 110526.32}, \"Servicos\": {\"ValorBase\": 0, \"Iva\": 0}}, \"ClassificacaoAnalitica\": [{\"CentroResultados\": \"CR0202\", \"Analitica\": \"AN010101\", \"Colaborador\": \"CO123\", \"Valor\": 900000}]}'),
(83, 'FTAn20#083', 'FaturaFornecedor', 'PorAnexarCPagamento', 'file83', '{\"FileExtra\": {\"receivedAtEmailInbox\": \"faturasfornecedor\"}, \"NumFatura\": \"123\", \"ProjetoProvisorio\": \"01\", \"DataFatura\": \"2020-10-15\", \"DataRecebida\": \"2012-12-12\", \"DataValidade\": \"2012-12-12\", \"FornecedorCodigo\": \"FO0000111\", \"Moeda\": \"AKZ\", \"Descricao\": \"Fatura de fornecedor 83\", \"PeriodoFaturacao\": {\"Inicio\": \"2020-9-30\", \"Fim\": \"2020-9-30\"}, \"Valor\": {\"Bens\": {\"ValorBase\": 0, \"Iva\": 0}, \"Servicos\": {\"ValorBase\": 4035087.72, \"Iva\": 564912.28}}, \"ClassificacaoAnalitica\": [{\"CentroResultados\": \"CR020101\", \"Analitica\": \"AN0102\", \"Colaborador\": \"CO123\", \"Valor\": 4600000}]}'),
(84, 'FTAn20#084', 'FaturaFornecedor', 'PorAnexarCPagamento', 'file84', '{\"FileExtra\": {\"receivedAtEmailInbox\": \"faturasfornecedor\"}, \"NumFatura\": \"123\", \"ProjetoProvisorio\": \"01\", \"DataFatura\": \"2020-10-15\", \"DataRecebida\": \"2012-12-12\", \"DataValidade\": \"2012-12-12\", \"FornecedorCodigo\": \"FO0000222\", \"Moeda\": \"AKZ\", \"Descricao\": \"Fatura de fornecedor 84\", \"PeriodoFaturacao\": {\"Inicio\": \"2020-7-1\", \"Fim\": \"2020-9-30\"}, \"Valor\": {\"Bens\": {\"ValorBase\": 0, \"Iva\": 0}, \"Servicos\": {\"ValorBase\": 3947368.42, \"Iva\": 552631.58}}, \"ClassificacaoAnalitica\": [{\"CentroResultados\": \"CR0102\", \"Analitica\": \"AN0202\", \"Colaborador\": \"CO123\", \"Valor\": 4500000}]}'),
(85, 'FTAn20#085', 'FaturaFornecedor', 'PorAnexarCPagamento', 'file85', '{\"FileExtra\": {\"receivedAtEmailInbox\": \"faturasfornecedor\"}, \"NumFatura\": \"123\", \"ProjetoProvisorio\": \"01\", \"DataFatura\": \"2020-11-15\", \"DataRecebida\": \"2012-12-12\", \"DataValidade\": \"2012-12-12\", \"FornecedorCodigo\": \"FO0000222\", \"Moeda\": \"AKZ\", \"Descricao\": \"Fatura de fornecedor 85\", \"PeriodoFaturacao\": {\"Inicio\": \"2020-10-31\", \"Fim\": \"2020-10-31\"}, \"Valor\": {\"Bens\": {\"ValorBase\": 614035.09, \"Iva\": 85964.91}, \"Servicos\": {\"ValorBase\": 0, \"Iva\": 0}}, \"ClassificacaoAnalitica\": [{\"CentroResultados\": \"CR020102\", \"Analitica\": \"AN0102\", \"Valor\": 700000}]}'),
(86, 'FTAn20#086', 'FaturaFornecedor', 'PorAnexarCPagamento', 'file86', '{\"FileExtra\": {\"receivedAtEmailInbox\": \"faturasfornecedor\"}, \"NumFatura\": \"123\", \"ProjetoProvisorio\": \"01\", \"DataFatura\": \"2020-11-15\", \"DataRecebida\": \"2012-12-12\", \"DataValidade\": \"2012-12-12\", \"FornecedorCodigo\": \"FO0000111\", \"Moeda\": \"AKZ\", \"Descricao\": \"Fatura de fornecedor 86\", \"PeriodoFaturacao\": {\"Inicio\": \"2020-8-1\", \"Fim\": \"2020-10-31\"}, \"Valor\": {\"Bens\": {\"ValorBase\": 614035.09, \"Iva\": 85964.91}, \"Servicos\": {\"ValorBase\": 0, \"Iva\": 0}}, \"ClassificacaoAnalitica\": [{\"CentroResultados\": \"CR020102\", \"Analitica\": \"AN010102\", \"Valor\": 700000}]}'),
(87, 'FTAn20#087', 'FaturaFornecedor', 'PorAnexarCPagamento', 'file87', '{\"FileExtra\": {\"receivedAtEmailInbox\": \"faturasfornecedor\"}, \"NumFatura\": \"123\", \"ProjetoProvisorio\": \"01\", \"DataFatura\": \"2020-12-15\", \"DataRecebida\": \"2012-12-12\", \"DataValidade\": \"2012-12-12\", \"FornecedorCodigo\": \"FO0000333\", \"Moeda\": \"AKZ\", \"Descricao\": \"Fatura de fornecedor 87\", \"PeriodoFaturacao\": {\"Inicio\": \"2020-9-1\", \"Fim\": \"2020-11-30\"}, \"Valor\": {\"Bens\": {\"ValorBase\": 4385964.91, \"Iva\": 614035.09}, \"Servicos\": {\"ValorBase\": 0, \"Iva\": 0}}, \"ClassificacaoAnalitica\": [{\"CentroResultados\": \"CR020101\", \"Analitica\": \"AN0202\", \"Valor\": 3333333.33}, {\"CentroResultados\": \"CR020101\", \"Analitica\": \"AN0202\", \"Colaborador\": \"CO123\", \"Valor\": 1666666.67}]}'),
(88, 'FTAn20#088', 'FaturaFornecedor', 'PorAnexarCPagamento', 'file88', '{\"FileExtra\": {\"receivedAtEmailInbox\": \"faturasfornecedor\"}, \"NumFatura\": \"123\", \"ProjetoProvisorio\": \"01\", \"DataFatura\": \"2020-12-15\", \"DataRecebida\": \"2012-12-12\", \"DataValidade\": \"2012-12-12\", \"FornecedorCodigo\": \"FO0000111\", \"Moeda\": \"AKZ\", \"Descricao\": \"Fatura de fornecedor 88\", \"PeriodoFaturacao\": {\"Inicio\": \"2020-10-16\", \"Fim\": \"2020-11-30\"}, \"Valor\": {\"Bens\": {\"ValorBase\": 0, \"Iva\": 0}, \"Servicos\": {\"ValorBase\": 789473.68, \"Iva\": 110526.32}}, \"ClassificacaoAnalitica\": [{\"CentroResultados\": \"CR0202\", \"Analitica\": \"AN020102\", \"Valor\": 900000}]}'),
(89, 'FTAn19#089', 'FaturaCliente', 'Concluido', 'file89', '{\"FileExtra\": {\"receivedAtEmailInbox\": \"faturascliente\"}, \"NumFatura\": \"123\", \"ProjetoProvisorio\": \"01\", \"DataFatura\": \"2019-01-10\", \"DataEnviada\": \"2012-12-12\", \"DataValidade\": \"2012-12-12\", \"ClienteCodigo\": \"CL001\", \"Moeda\": \"AKZ\", \"Descricao\": \"Fatura de cliente 89\", \"PeriodoFaturacao\": {\"Inicio\": \"2018-10-1\", \"Fim\": \"2018-12-31\"}, \"Valor\": {\"Bens\": {\"ValorBase\": 9298245.61, \"Iva\": 1301754.39}, \"Servicos\": {\"ValorBase\": 0, \"Iva\": 0}}, \"ClassificacaoAnalitica\": [{\"CentroResultados\": \"CR0202\", \"Analitica\": \"AN020101\", \"Valor\": 10600000}], \"ComprovativoPagamentoId\": 90}'),
(90, 'FTAn19#090', 'ComprovativoPagamento', 'Concluido', 'file90', '{\"FileExtra\": {\"receivedAtEmailInbox\": \"comprovativospagamento\"}, \"ContaBancaria\": \"CB01\", \"DataPagamento\": \"2019-02-09\"}'),
(91, 'FTAn19#091', 'FaturaCliente', 'Concluido', 'file91', '{\"FileExtra\": {\"receivedAtEmailInbox\": \"faturascliente\"}, \"NumFatura\": \"123\", \"ProjetoProvisorio\": \"01\", \"DataFatura\": \"2019-02-10\", \"DataEnviada\": \"2012-12-12\", \"DataValidade\": \"2012-12-12\", \"ClienteCodigo\": \"CL001\", \"Moeda\": \"AKZ\", \"Descricao\": \"Fatura de cliente 91\", \"PeriodoFaturacao\": {\"Inicio\": \"2018-12-1\", \"Fim\": \"2019-1-31\"}, \"Valor\": {\"Bens\": {\"ValorBase\": 5789473.68, \"Iva\": 810526.32}, \"Servicos\": {\"ValorBase\": 0, \"Iva\": 0}}, \"ClassificacaoAnalitica\": [{\"CentroResultados\": \"CR010101\", \"Analitica\": \"AN010101\", \"Valor\": 6600000}], \"ComprovativoPagamentoId\": 92}'),
(92, 'FTAn19#092', 'ComprovativoPagamento', 'Concluido', 'file92', '{\"FileExtra\": {\"receivedAtEmailInbox\": \"comprovativospagamento\"}, \"ContaBancaria\": \"CB01\", \"DataPagamento\": \"2019-04-11\"}'),
(93, 'FTAn19#093', 'FaturaCliente', 'Concluido', 'file93', '{\"FileExtra\": {\"receivedAtEmailInbox\": \"faturascliente\"}, \"NumFatura\": \"123\", \"ProjetoProvisorio\": \"01\", \"DataFatura\": \"2019-03-10\", \"DataEnviada\": \"2012-12-12\", \"DataValidade\": \"2012-12-12\", \"ClienteCodigo\": \"CL001\", \"Moeda\": \"AKZ\", \"Descricao\": \"Fatura de cliente 93\", \"PeriodoFaturacao\": {\"Inicio\": \"2019-2-28\", \"Fim\": \"2019-2-28\"}, \"Valor\": {\"Bens\": {\"ValorBase\": 0, \"Iva\": 0}, \"Servicos\": {\"ValorBase\": 13157894.74, \"Iva\": 1842105.26}}, \"ClassificacaoAnalitica\": [{\"CentroResultados\": \"CR0102\", \"Analitica\": \"AN010101\", \"Valor\": 10000000}, {\"CentroResultados\": \"CR0102\", \"Analitica\": \"AN0102\", \"Valor\": 5000000}], \"ComprovativoPagamentoId\": 94}'),
(94, 'FTAn19#094', 'ComprovativoPagamento', 'Concluido', 'file94', '{\"FileExtra\": {\"receivedAtEmailInbox\": \"comprovativospagamento\"}, \"ContaBancaria\": \"CB01\", \"DataPagamento\": \"2019-04-24\"}'),
(95, 'FTAn19#095', 'FaturaCliente', 'Concluido', 'file95', '{\"FileExtra\": {\"receivedAtEmailInbox\": \"faturascliente\"}, \"NumFatura\": \"123\", \"ProjetoProvisorio\": \"01\", \"DataFatura\": \"2019-04-10\", \"DataEnviada\": \"2012-12-12\", \"DataValidade\": \"2012-12-12\", \"ClienteCodigo\": \"CL002\", \"Moeda\": \"AKZ\", \"Descricao\": \"Fatura de cliente 95\", \"PeriodoFaturacao\": {\"Inicio\": \"2019-2-1\", \"Fim\": \"2019-3-31\"}, \"Valor\": {\"Bens\": {\"ValorBase\": 0, \"Iva\": 0}, \"Servicos\": {\"ValorBase\": 8771929.82, \"Iva\": 1228070.18}}, \"ClassificacaoAnalitica\": [{\"CentroResultados\": \"CR0102\", \"Analitica\": \"AN020102\", \"Valor\": 10000000}], \"ComprovativoPagamentoId\": 96}'),
(96, 'FTAn19#096', 'ComprovativoPagamento', 'Concluido', 'file96', '{\"FileExtra\": {\"receivedAtEmailInbox\": \"comprovativospagamento\"}, \"ContaBancaria\": \"CB01\", \"DataPagamento\": \"2019-06-09\"}');
INSERT INTO `DOC_Documentos` (`Id`, `NumSerie`, `Tipo`, `Estado`, `FileId`, `Extra`) VALUES
(97, 'FTAn19#097', 'FaturaCliente', 'Concluido', 'file97', '{\"FileExtra\": {\"receivedAtEmailInbox\": \"faturascliente\"}, \"NumFatura\": \"123\", \"ProjetoProvisorio\": \"01\", \"DataFatura\": \"2019-05-10\", \"DataEnviada\": \"2012-12-12\", \"DataValidade\": \"2012-12-12\", \"ClienteCodigo\": \"CL002\", \"Moeda\": \"AKZ\", \"Descricao\": \"Fatura de cliente 97\", \"PeriodoFaturacao\": {\"Inicio\": \"2019-2-1\", \"Fim\": \"2019-4-30\"}, \"Valor\": {\"Bens\": {\"ValorBase\": 10701754.39, \"Iva\": 1498245.61}, \"Servicos\": {\"ValorBase\": 0, \"Iva\": 0}}, \"ClassificacaoAnalitica\": [{\"CentroResultados\": \"CR020101\", \"Analitica\": \"AN010102\", \"Valor\": 12200000}], \"ComprovativoPagamentoId\": 98}'),
(98, 'FTAn19#098', 'ComprovativoPagamento', 'Concluido', 'file98', '{\"FileExtra\": {\"receivedAtEmailInbox\": \"comprovativospagamento\"}, \"ContaBancaria\": \"CB01\", \"DataPagamento\": \"2019-05-25\"}'),
(99, 'FTAn19#099', 'FaturaCliente', 'Concluido', 'file99', '{\"FileExtra\": {\"receivedAtEmailInbox\": \"faturascliente\"}, \"NumFatura\": \"123\", \"ProjetoProvisorio\": \"01\", \"DataFatura\": \"2019-06-10\", \"DataEnviada\": \"2012-12-12\", \"DataValidade\": \"2012-12-12\", \"ClienteCodigo\": \"CL002\", \"Moeda\": \"AKZ\", \"Descricao\": \"Fatura de cliente 99\", \"PeriodoFaturacao\": {\"Inicio\": \"2019-5-1\", \"Fim\": \"2019-5-31\"}, \"Valor\": {\"Bens\": {\"ValorBase\": 0, \"Iva\": 0}, \"Servicos\": {\"ValorBase\": 11140350.88, \"Iva\": 1559649.12}}, \"ClassificacaoAnalitica\": [{\"CentroResultados\": \"CR010102\", \"Analitica\": \"AN020101\", \"Valor\": 8466666.67}, {\"CentroResultados\": \"CR010102\", \"Analitica\": \"AN0202\", \"Valor\": 4233333.33}], \"ComprovativoPagamentoId\": 100}'),
(100, 'FTAn19#100', 'ComprovativoPagamento', 'Concluido', 'file100', '{\"FileExtra\": {\"receivedAtEmailInbox\": \"comprovativospagamento\"}, \"ContaBancaria\": \"CB01\", \"DataPagamento\": \"2019-07-10\"}'),
(101, 'FTAn19#101', 'FaturaCliente', 'Concluido', 'file101', '{\"FileExtra\": {\"receivedAtEmailInbox\": \"faturascliente\"}, \"NumFatura\": \"123\", \"ProjetoProvisorio\": \"01\", \"DataFatura\": \"2019-07-10\", \"DataEnviada\": \"2012-12-12\", \"DataValidade\": \"2012-12-12\", \"ClienteCodigo\": \"CL001\", \"Moeda\": \"AKZ\", \"Descricao\": \"Fatura de cliente 101\", \"PeriodoFaturacao\": {\"Inicio\": \"2019-6-1\", \"Fim\": \"2019-6-30\"}, \"Valor\": {\"Bens\": {\"ValorBase\": 0, \"Iva\": 0}, \"Servicos\": {\"ValorBase\": 12807017.54, \"Iva\": 1792982.46}}, \"ClassificacaoAnalitica\": [{\"CentroResultados\": \"CR010102\", \"Analitica\": \"AN0202\", \"Valor\": 9733333.33}, {\"CentroResultados\": \"CR010102\", \"Analitica\": \"AN020102\", \"Valor\": 4866666.67}], \"ComprovativoPagamentoId\": 102}'),
(102, 'FTAn19#102', 'ComprovativoPagamento', 'Concluido', 'file102', '{\"FileExtra\": {\"receivedAtEmailInbox\": \"comprovativospagamento\"}, \"ContaBancaria\": \"CB01\", \"DataPagamento\": \"2019-08-24\"}'),
(103, 'FTAn19#103', 'FaturaCliente', 'Concluido', 'file103', '{\"FileExtra\": {\"receivedAtEmailInbox\": \"faturascliente\"}, \"NumFatura\": \"123\", \"ProjetoProvisorio\": \"01\", \"DataFatura\": \"2019-08-10\", \"DataEnviada\": \"2012-12-12\", \"DataValidade\": \"2012-12-12\", \"ClienteCodigo\": \"CL002\", \"Moeda\": \"AKZ\", \"Descricao\": \"Fatura de cliente 103\", \"PeriodoFaturacao\": {\"Inicio\": \"2019-7-16\", \"Fim\": \"2019-7-31\"}, \"Valor\": {\"Bens\": {\"ValorBase\": 0, \"Iva\": 0}, \"Servicos\": {\"ValorBase\": 3859649.12, \"Iva\": 540350.88}}, \"ClassificacaoAnalitica\": [{\"CentroResultados\": \"CR020101\", \"Analitica\": \"AN0202\", \"Valor\": 2933333.33}, {\"CentroResultados\": \"CR020101\", \"Analitica\": \"AN0202\", \"Valor\": 1466666.67}], \"ComprovativoPagamentoId\": 104}'),
(104, 'FTAn19#104', 'ComprovativoPagamento', 'Concluido', 'file104', '{\"FileExtra\": {\"receivedAtEmailInbox\": \"comprovativospagamento\"}, \"ContaBancaria\": \"CB01\", \"DataPagamento\": \"2019-09-24\"}'),
(105, 'FTAn19#105', 'FaturaCliente', 'Concluido', 'file105', '{\"FileExtra\": {\"receivedAtEmailInbox\": \"faturascliente\"}, \"NumFatura\": \"123\", \"ProjetoProvisorio\": \"01\", \"DataFatura\": \"2019-09-10\", \"DataEnviada\": \"2012-12-12\", \"DataValidade\": \"2012-12-12\", \"ClienteCodigo\": \"CL001\", \"Moeda\": \"AKZ\", \"Descricao\": \"Fatura de cliente 105\", \"PeriodoFaturacao\": {\"Inicio\": \"2019-7-17\", \"Fim\": \"2019-8-31\"}, \"Valor\": {\"Bens\": {\"ValorBase\": 10000000, \"Iva\": 1400000}, \"Servicos\": {\"ValorBase\": 0, \"Iva\": 0}}, \"ClassificacaoAnalitica\": [{\"CentroResultados\": \"CR0202\", \"Analitica\": \"AN020101\", \"Valor\": 7600000}, {\"CentroResultados\": \"CR0202\", \"Analitica\": \"AN020101\", \"Valor\": 3800000}], \"ComprovativoPagamentoId\": 106}'),
(106, 'FTAn19#106', 'ComprovativoPagamento', 'Concluido', 'file106', '{\"FileExtra\": {\"receivedAtEmailInbox\": \"comprovativospagamento\"}, \"ContaBancaria\": \"CB01\", \"DataPagamento\": \"2019-11-09\"}'),
(107, 'FTAn19#107', 'FaturaCliente', 'Concluido', 'file107', '{\"FileExtra\": {\"receivedAtEmailInbox\": \"faturascliente\"}, \"NumFatura\": \"123\", \"ProjetoProvisorio\": \"01\", \"DataFatura\": \"2019-10-10\", \"DataEnviada\": \"2012-12-12\", \"DataValidade\": \"2012-12-12\", \"ClienteCodigo\": \"CL001\", \"Moeda\": \"AKZ\", \"Descricao\": \"Fatura de cliente 107\", \"PeriodoFaturacao\": {\"Inicio\": \"2019-9-15\", \"Fim\": \"2019-9-30\"}, \"Valor\": {\"Bens\": {\"ValorBase\": 4298245.61, \"Iva\": 601754.39}, \"Servicos\": {\"ValorBase\": 0, \"Iva\": 0}}, \"ClassificacaoAnalitica\": [{\"CentroResultados\": \"CR0102\", \"Analitica\": \"AN010101\", \"Valor\": 3266666.67}, {\"CentroResultados\": \"CR0102\", \"Analitica\": \"AN010102\", \"Valor\": 1633333.33}], \"ComprovativoPagamentoId\": 108}'),
(108, 'FTAn19#108', 'ComprovativoPagamento', 'Concluido', 'file108', '{\"FileExtra\": {\"receivedAtEmailInbox\": \"comprovativospagamento\"}, \"ContaBancaria\": \"CB01\", \"DataPagamento\": \"2019-11-09\"}'),
(109, 'FTAn19#109', 'FaturaCliente', 'Concluido', 'file109', '{\"FileExtra\": {\"receivedAtEmailInbox\": \"faturascliente\"}, \"NumFatura\": \"123\", \"ProjetoProvisorio\": \"01\", \"DataFatura\": \"2019-11-10\", \"DataEnviada\": \"2012-12-12\", \"DataValidade\": \"2012-12-12\", \"ClienteCodigo\": \"CL002\", \"Moeda\": \"AKZ\", \"Descricao\": \"Fatura de cliente 109\", \"PeriodoFaturacao\": {\"Inicio\": \"2019-10-1\", \"Fim\": \"2019-10-31\"}, \"Valor\": {\"Bens\": {\"ValorBase\": 9385964.91, \"Iva\": 1314035.09}, \"Servicos\": {\"ValorBase\": 0, \"Iva\": 0}}, \"ClassificacaoAnalitica\": [{\"CentroResultados\": \"CR020101\", \"Analitica\": \"AN010101\", \"Valor\": 10700000}], \"ComprovativoPagamentoId\": 110}'),
(110, 'FTAn19#110', 'ComprovativoPagamento', 'Concluido', 'file110', '{\"FileExtra\": {\"receivedAtEmailInbox\": \"comprovativospagamento\"}, \"ContaBancaria\": \"CB01\", \"DataPagamento\": \"2019-12-10\"}'),
(111, 'FTAn19#111', 'FaturaCliente', 'Concluido', 'file111', '{\"FileExtra\": {\"receivedAtEmailInbox\": \"faturascliente\"}, \"NumFatura\": \"123\", \"ProjetoProvisorio\": \"01\", \"DataFatura\": \"2019-12-10\", \"DataEnviada\": \"2012-12-12\", \"DataValidade\": \"2012-12-12\", \"ClienteCodigo\": \"CL001\", \"Moeda\": \"AKZ\", \"Descricao\": \"Fatura de cliente 111\", \"PeriodoFaturacao\": {\"Inicio\": \"2019-10-16\", \"Fim\": \"2019-11-30\"}, \"Valor\": {\"Bens\": {\"ValorBase\": 0, \"Iva\": 0}, \"Servicos\": {\"ValorBase\": 9912280.7, \"Iva\": 1387719.3}}, \"ClassificacaoAnalitica\": [{\"CentroResultados\": \"CR0202\", \"Analitica\": \"AN0202\", \"Valor\": 11300000}], \"ComprovativoPagamentoId\": 112}'),
(112, 'FTAn19#112', 'ComprovativoPagamento', 'Concluido', 'file112', '{\"FileExtra\": {\"receivedAtEmailInbox\": \"comprovativospagamento\"}, \"ContaBancaria\": \"CB01\", \"DataPagamento\": \"2019-12-25\"}'),
(113, 'FTAn20#113', 'FaturaCliente', 'Concluido', 'file113', '{\"FileExtra\": {\"receivedAtEmailInbox\": \"faturascliente\"}, \"NumFatura\": \"123\", \"ProjetoProvisorio\": \"01\", \"DataFatura\": \"2020-01-10\", \"DataEnviada\": \"2012-12-12\", \"DataValidade\": \"2012-12-12\", \"ClienteCodigo\": \"CL001\", \"Moeda\": \"AKZ\", \"Descricao\": \"Fatura de cliente 113\", \"PeriodoFaturacao\": {\"Inicio\": \"2019-12-31\", \"Fim\": \"2019-12-31\"}, \"Valor\": {\"Bens\": {\"ValorBase\": 0, \"Iva\": 0}, \"Servicos\": {\"ValorBase\": 8947368.42, \"Iva\": 1252631.58}}, \"ClassificacaoAnalitica\": [{\"CentroResultados\": \"CR020101\", \"Analitica\": \"AN0102\", \"Valor\": 6800000}, {\"CentroResultados\": \"CR010101\", \"Analitica\": \"AN0102\", \"Valor\": 3400000}], \"ComprovativoPagamentoId\": 114}'),
(114, 'FTAn20#114', 'ComprovativoPagamento', 'Concluido', 'file114', '{\"FileExtra\": {\"receivedAtEmailInbox\": \"comprovativospagamento\"}, \"ContaBancaria\": \"CB01\", \"DataPagamento\": \"2020-01-25\"}'),
(115, 'FTAn20#115', 'FaturaCliente', 'Concluido', 'file115', '{\"FileExtra\": {\"receivedAtEmailInbox\": \"faturascliente\"}, \"NumFatura\": \"123\", \"ProjetoProvisorio\": \"01\", \"DataFatura\": \"2020-02-10\", \"DataEnviada\": \"2012-12-12\", \"DataValidade\": \"2012-12-12\", \"ClienteCodigo\": \"CL002\", \"Moeda\": \"AKZ\", \"Descricao\": \"Fatura de cliente 115\", \"PeriodoFaturacao\": {\"Inicio\": \"2020-1-16\", \"Fim\": \"2020-1-31\"}, \"Valor\": {\"Bens\": {\"ValorBase\": 9385964.91, \"Iva\": 1314035.09}, \"Servicos\": {\"ValorBase\": 0, \"Iva\": 0}}, \"ClassificacaoAnalitica\": [{\"CentroResultados\": \"CR010101\", \"Analitica\": \"AN010102\", \"Valor\": 10700000}], \"ComprovativoPagamentoId\": 116}'),
(116, 'FTAn20#116', 'ComprovativoPagamento', 'Concluido', 'file116', '{\"FileExtra\": {\"receivedAtEmailInbox\": \"comprovativospagamento\"}, \"ContaBancaria\": \"CB01\", \"DataPagamento\": \"2020-03-26\"}'),
(117, 'FTAn20#117', 'FaturaCliente', 'Concluido', 'file117', '{\"FileExtra\": {\"receivedAtEmailInbox\": \"faturascliente\"}, \"NumFatura\": \"123\", \"ProjetoProvisorio\": \"01\", \"DataFatura\": \"2020-03-10\", \"DataEnviada\": \"2012-12-12\", \"DataValidade\": \"2012-12-12\", \"ClienteCodigo\": \"CL001\", \"Moeda\": \"AKZ\", \"Descricao\": \"Fatura de cliente 117\", \"PeriodoFaturacao\": {\"Inicio\": \"2020-1-15\", \"Fim\": \"2020-2-29\"}, \"Valor\": {\"Bens\": {\"ValorBase\": 12017543.86, \"Iva\": 1682456.14}, \"Servicos\": {\"ValorBase\": 0, \"Iva\": 0}}, \"ClassificacaoAnalitica\": [{\"CentroResultados\": \"CR010101\", \"Analitica\": \"AN0102\", \"Valor\": 13700000}], \"ComprovativoPagamentoId\": 118}'),
(118, 'FTAn20#118', 'ComprovativoPagamento', 'Concluido', 'file118', '{\"FileExtra\": {\"receivedAtEmailInbox\": \"comprovativospagamento\"}, \"ContaBancaria\": \"CB01\", \"DataPagamento\": \"2020-05-09\"}'),
(119, 'FTAn20#119', 'FaturaCliente', 'Concluido', 'file119', '{\"FileExtra\": {\"receivedAtEmailInbox\": \"faturascliente\"}, \"NumFatura\": \"123\", \"ProjetoProvisorio\": \"01\", \"DataFatura\": \"2020-04-10\", \"DataEnviada\": \"2012-12-12\", \"DataValidade\": \"2012-12-12\", \"ClienteCodigo\": \"CL002\", \"Moeda\": \"AKZ\", \"Descricao\": \"Fatura de cliente 119\", \"PeriodoFaturacao\": {\"Inicio\": \"2020-3-31\", \"Fim\": \"2020-3-31\"}, \"Valor\": {\"Bens\": {\"ValorBase\": 12807017.54, \"Iva\": 1792982.46}, \"Servicos\": {\"ValorBase\": 0, \"Iva\": 0}}, \"ClassificacaoAnalitica\": [{\"CentroResultados\": \"CR0102\", \"Analitica\": \"AN020101\", \"Valor\": 14600000}], \"ComprovativoPagamentoId\": 120}'),
(120, 'FTAn20#120', 'ComprovativoPagamento', 'Concluido', 'file120', '{\"FileExtra\": {\"receivedAtEmailInbox\": \"comprovativospagamento\"}, \"ContaBancaria\": \"CB01\", \"DataPagamento\": \"2020-04-25\"}'),
(121, 'FTAn20#121', 'FaturaCliente', 'Concluido', 'file121', '{\"FileExtra\": {\"receivedAtEmailInbox\": \"faturascliente\"}, \"NumFatura\": \"123\", \"ProjetoProvisorio\": \"01\", \"DataFatura\": \"2020-05-10\", \"DataEnviada\": \"2012-12-12\", \"DataValidade\": \"2012-12-12\", \"ClienteCodigo\": \"CL002\", \"Moeda\": \"AKZ\", \"Descricao\": \"Fatura de cliente 121\", \"PeriodoFaturacao\": {\"Inicio\": \"2020-3-1\", \"Fim\": \"2020-4-30\"}, \"Valor\": {\"Bens\": {\"ValorBase\": 0, \"Iva\": 0}, \"Servicos\": {\"ValorBase\": 12192982.46, \"Iva\": 1707017.54}}, \"ClassificacaoAnalitica\": [{\"CentroResultados\": \"CR0202\", \"Analitica\": \"AN0102\", \"Valor\": 9266666.67}, {\"CentroResultados\": \"CR0202\", \"Analitica\": \"AN010101\", \"Valor\": 4633333.33}], \"ComprovativoPagamentoId\": 122}'),
(122, 'FTAn20#122', 'ComprovativoPagamento', 'Concluido', 'file122', '{\"FileExtra\": {\"receivedAtEmailInbox\": \"comprovativospagamento\"}, \"ContaBancaria\": \"CB01\", \"DataPagamento\": \"2020-06-24\"}'),
(123, 'FTAn20#123', 'FaturaCliente', 'Concluido', 'file123', '{\"FileExtra\": {\"receivedAtEmailInbox\": \"faturascliente\"}, \"NumFatura\": \"123\", \"ProjetoProvisorio\": \"01\", \"DataFatura\": \"2020-06-10\", \"DataEnviada\": \"2012-12-12\", \"DataValidade\": \"2012-12-12\", \"ClienteCodigo\": \"CL001\", \"Moeda\": \"AKZ\", \"Descricao\": \"Fatura de cliente 123\", \"PeriodoFaturacao\": {\"Inicio\": \"2020-4-1\", \"Fim\": \"2020-5-31\"}, \"Valor\": {\"Bens\": {\"ValorBase\": 9649122.81, \"Iva\": 1350877.19}, \"Servicos\": {\"ValorBase\": 0, \"Iva\": 0}}, \"ClassificacaoAnalitica\": [{\"CentroResultados\": \"CR020102\", \"Analitica\": \"AN0202\", \"Valor\": 11000000}], \"ComprovativoPagamentoId\": 124}'),
(124, 'FTAn20#124', 'ComprovativoPagamento', 'Concluido', 'file124', '{\"FileExtra\": {\"receivedAtEmailInbox\": \"comprovativospagamento\"}, \"ContaBancaria\": \"CB01\", \"DataPagamento\": \"2020-07-10\"}'),
(125, 'FTAn20#125', 'FaturaCliente', 'Concluido', 'file125', '{\"FileExtra\": {\"receivedAtEmailInbox\": \"faturascliente\"}, \"NumFatura\": \"123\", \"ProjetoProvisorio\": \"01\", \"DataFatura\": \"2020-07-10\", \"DataEnviada\": \"2012-12-12\", \"DataValidade\": \"2012-12-12\", \"ClienteCodigo\": \"CL002\", \"Moeda\": \"AKZ\", \"Descricao\": \"Fatura de cliente 125\", \"PeriodoFaturacao\": {\"Inicio\": \"2020-4-1\", \"Fim\": \"2020-6-30\"}, \"Valor\": {\"Bens\": {\"ValorBase\": 0, \"Iva\": 0}, \"Servicos\": {\"ValorBase\": 12719298.25, \"Iva\": 1780701.75}}, \"ClassificacaoAnalitica\": [{\"CentroResultados\": \"CR020102\", \"Analitica\": \"AN020102\", \"Valor\": 9666666.67}, {\"CentroResultados\": \"CR020102\", \"Analitica\": \"AN020101\", \"Valor\": 4833333.33}], \"ComprovativoPagamentoId\": 126}'),
(126, 'FTAn20#126', 'ComprovativoPagamento', 'Concluido', 'file126', '{\"FileExtra\": {\"receivedAtEmailInbox\": \"comprovativospagamento\"}, \"ContaBancaria\": \"CB01\", \"DataPagamento\": \"2020-09-08\"}'),
(127, 'FTAn20#127', 'FaturaCliente', 'Concluido', 'file127', '{\"FileExtra\": {\"receivedAtEmailInbox\": \"faturascliente\"}, \"NumFatura\": \"123\", \"ProjetoProvisorio\": \"01\", \"DataFatura\": \"2020-08-10\", \"DataEnviada\": \"2012-12-12\", \"DataValidade\": \"2012-12-12\", \"ClienteCodigo\": \"CL001\", \"Moeda\": \"AKZ\", \"Descricao\": \"Fatura de cliente 127\", \"PeriodoFaturacao\": {\"Inicio\": \"2020-5-1\", \"Fim\": \"2020-7-31\"}, \"Valor\": {\"Bens\": {\"ValorBase\": 0, \"Iva\": 0}, \"Servicos\": {\"ValorBase\": 7105263.16, \"Iva\": 994736.84}}, \"ClassificacaoAnalitica\": [{\"CentroResultados\": \"CR020102\", \"Analitica\": \"AN0102\", \"Valor\": 5400000}, {\"CentroResultados\": \"CR020102\", \"Analitica\": \"AN0102\", \"Valor\": 2700000}], \"ComprovativoPagamentoId\": 128}'),
(128, 'FTAn20#128', 'ComprovativoPagamento', 'Concluido', 'file128', '{\"FileExtra\": {\"receivedAtEmailInbox\": \"comprovativospagamento\"}, \"ContaBancaria\": \"CB01\", \"DataPagamento\": \"2020-08-25\"}'),
(129, 'FTAn20#129', 'FaturaCliente', 'PorAnexarCPagamento', 'file129', '{\"FileExtra\": {\"receivedAtEmailInbox\": \"faturascliente\"}, \"NumFatura\": \"123\", \"ProjetoProvisorio\": \"01\", \"DataFatura\": \"2020-09-10\", \"DataEnviada\": \"2012-12-12\", \"DataValidade\": \"2012-12-12\", \"ClienteCodigo\": \"CL002\", \"Moeda\": \"AKZ\", \"Descricao\": \"Fatura de cliente 129\", \"PeriodoFaturacao\": {\"Inicio\": \"2020-8-16\", \"Fim\": \"2020-8-31\"}, \"Valor\": {\"Bens\": {\"ValorBase\": 0, \"Iva\": 0}, \"Servicos\": {\"ValorBase\": 7807017.54, \"Iva\": 1092982.46}}, \"ClassificacaoAnalitica\": [{\"CentroResultados\": \"CR010102\", \"Analitica\": \"AN020102\", \"Valor\": 8900000}]}'),
(130, 'FTAn20#130', 'FaturaCliente', 'PorAnexarCPagamento', 'file130', '{\"FileExtra\": {\"receivedAtEmailInbox\": \"faturascliente\"}, \"NumFatura\": \"123\", \"ProjetoProvisorio\": \"01\", \"DataFatura\": \"2020-10-10\", \"DataEnviada\": \"2012-12-12\", \"DataValidade\": \"2012-12-12\", \"ClienteCodigo\": \"CL002\", \"Moeda\": \"AKZ\", \"Descricao\": \"Fatura de cliente 130\", \"PeriodoFaturacao\": {\"Inicio\": \"2020-9-1\", \"Fim\": \"2020-9-30\"}, \"Valor\": {\"Bens\": {\"ValorBase\": 4561403.51, \"Iva\": 638596.49}, \"Servicos\": {\"ValorBase\": 0, \"Iva\": 0}}, \"ClassificacaoAnalitica\": [{\"CentroResultados\": \"CR020102\", \"Analitica\": \"AN010102\", \"Valor\": 3466666.67}, {\"CentroResultados\": \"CR010102\", \"Analitica\": \"AN010102\", \"Valor\": 1733333.33}]}'),
(131, 'FTAn20#131', 'FaturaCliente', 'PorAnexarCPagamento', 'file131', '{\"FileExtra\": {\"receivedAtEmailInbox\": \"faturascliente\"}, \"NumFatura\": \"123\", \"ProjetoProvisorio\": \"01\", \"DataFatura\": \"2020-11-10\", \"DataEnviada\": \"2012-12-12\", \"DataValidade\": \"2012-12-12\", \"ClienteCodigo\": \"CL002\", \"Moeda\": \"AKZ\", \"Descricao\": \"Fatura de cliente 131\", \"PeriodoFaturacao\": {\"Inicio\": \"2020-9-16\", \"Fim\": \"2020-10-31\"}, \"Valor\": {\"Bens\": {\"ValorBase\": 10000000, \"Iva\": 1400000}, \"Servicos\": {\"ValorBase\": 0, \"Iva\": 0}}, \"ClassificacaoAnalitica\": [{\"CentroResultados\": \"CR010102\", \"Analitica\": \"AN020102\", \"Valor\": 7600000}, {\"CentroResultados\": \"CR0102\", \"Analitica\": \"AN020102\", \"Valor\": 3800000}]}'),
(132, 'FTAn20#132', 'FaturaCliente', 'PorAnexarCPagamento', 'file132', '{\"FileExtra\": {\"receivedAtEmailInbox\": \"faturascliente\"}, \"NumFatura\": \"123\", \"ProjetoProvisorio\": \"01\", \"DataFatura\": \"2020-12-10\", \"DataEnviada\": \"2012-12-12\", \"DataValidade\": \"2012-12-12\", \"ClienteCodigo\": \"CL001\", \"Moeda\": \"AKZ\", \"Descricao\": \"Fatura de cliente 132\", \"PeriodoFaturacao\": {\"Inicio\": \"2020-11-30\", \"Fim\": \"2020-11-30\"}, \"Valor\": {\"Bens\": {\"ValorBase\": 0, \"Iva\": 0}, \"Servicos\": {\"ValorBase\": 7280701.75, \"Iva\": 1019298.25}}, \"ClassificacaoAnalitica\": [{\"CentroResultados\": \"CR010101\", \"Analitica\": \"AN010102\", \"Valor\": 8300000}]}');

INSERT INTO `PLT_VirtualTables` (`Name`, `SQLCreateStoredProcedure`, `SQLReadStoredProcedure`, `SQLUpdateStoredProcedure`, `SQLDeleteStoredProcedure`, `JSCreateStoredProcedure`, `JSReadStoredProcedure`, `JSUpdateStoredProcedure`, `JSDeleteStoredProcedure`, `PrimaryKey`) VALUES
('Analitica', NULL, NULL, NULL, NULL, NULL, NULL, NULL, NULL, '[\"Codigo\"]'),
('CentroResultados', NULL, NULL, NULL, NULL, NULL, NULL, NULL, NULL, '[\"Codigo\"]'),
('Fornecedor', NULL, NULL, NULL, NULL, NULL, NULL, NULL, NULL, '[\"Codigo\"]');

INSERT INTO `PLT_VirtualTablesFields` (`ParentTable`, `Name`, `Type`, `AllowNull`, `DefaultValue`, `Options`) VALUES
('Fornecedor', 'Codigo', 'INT', 0, '', NULL),
('Fornecedor', 'Nome', 'TEXT', 0, '', NULL),
('Fornecedor', 'NomeCurto', 'TEXT', 0, '', NULL),
('Fornecedor', 'NIF', 'INT', 0, '', NULL),
('Fornecedor', 'Morarada', 'TEXT', 0, '', NULL),
('CentroResultados', 'Codigo', 'INT', 0, '', NULL),
('CentroResultados', 'Nome', 'TEXT', 0, '', NULL),
('CentroResultados', 'PermitirCustos', 'INT', 0, '', NULL),
('CentroResultados', 'PermitirProveitos', 'INT', 0, '', NULL),
('Analitica', 'Codigo', 'INT', 0, '', NULL),
('Analitica', 'Nome', 'TEXT', 0, '', NULL),
('Analitica', 'PermitirCustos', 'INT', 0, '', NULL),
('Analitica', 'PermitirProveitos', 'INT', 0, '', NULL);

INSERT INTO `SYS_Files` (`Id`, `MimeType`, `DateCreated`, `Extra`) VALUES
('file1', 'application/pdf', '2021-01-06 15:02:01', '{\"receivedAtEmailInbox\": \"faturasfornecedor\"}'),
('file10', 'application/pdf', '2021-01-06 15:04:26', '{\"receivedAtEmailInbox\": \"comprovativospagamento\"}'),
('file100', 'application/pdf', '2021-01-06 15:27:44', '{\"receivedAtEmailInbox\": \"comprovativospagamento\"}'),
('file101', 'application/pdf', '2021-01-06 15:27:57', '{\"receivedAtEmailInbox\": \"faturascliente\"}'),
('file102', 'application/pdf', '2021-01-06 15:28:09', '{\"receivedAtEmailInbox\": \"comprovativospagamento\"}'),
('file103', 'application/pdf', '2021-01-06 15:28:21', '{\"receivedAtEmailInbox\": \"faturascliente\"}'),
('file104', 'application/pdf', '2021-01-06 15:28:33', '{\"receivedAtEmailInbox\": \"comprovativospagamento\"}'),
('file105', 'application/pdf', '2021-01-06 15:28:45', '{\"receivedAtEmailInbox\": \"faturascliente\"}'),
('file106', 'application/pdf', '2021-01-06 15:28:57', '{\"receivedAtEmailInbox\": \"comprovativospagamento\"}'),
('file107', 'application/pdf', '2021-01-06 15:29:09', '{\"receivedAtEmailInbox\": \"faturascliente\"}'),
('file108', 'application/pdf', '2021-01-06 15:29:21', '{\"receivedAtEmailInbox\": \"comprovativospagamento\"}'),
('file109', 'application/pdf', '2021-01-06 15:29:33', '{\"receivedAtEmailInbox\": \"faturascliente\"}'),
('file11', 'application/pdf', '2021-01-06 15:04:42', '{\"receivedAtEmailInbox\": \"faturasfornecedor\"}'),
('file110', 'application/pdf', '2021-01-06 15:29:45', '{\"receivedAtEmailInbox\": \"comprovativospagamento\"}'),
('file111', 'application/pdf', '2021-01-06 15:29:57', '{\"receivedAtEmailInbox\": \"faturascliente\"}'),
('file112', 'application/pdf', '2021-01-06 15:30:09', '{\"receivedAtEmailInbox\": \"comprovativospagamento\"}'),
('file113', 'application/pdf', '2021-01-06 15:30:21', '{\"receivedAtEmailInbox\": \"faturascliente\"}'),
('file114', 'application/pdf', '2021-01-06 15:30:33', '{\"receivedAtEmailInbox\": \"comprovativospagamento\"}'),
('file115', 'application/pdf', '2021-01-06 15:30:45', '{\"receivedAtEmailInbox\": \"faturascliente\"}'),
('file116', 'application/pdf', '2021-01-06 15:30:57', '{\"receivedAtEmailInbox\": \"comprovativospagamento\"}'),
('file117', 'application/pdf', '2021-01-06 15:31:09', '{\"receivedAtEmailInbox\": \"faturascliente\"}'),
('file118', 'application/pdf', '2021-01-06 15:31:21', '{\"receivedAtEmailInbox\": \"comprovativospagamento\"}'),
('file119', 'application/pdf', '2021-01-06 15:31:33', '{\"receivedAtEmailInbox\": \"faturascliente\"}'),
('file12', 'application/pdf', '2021-01-06 15:04:58', '{\"receivedAtEmailInbox\": \"comprovativospagamento\"}'),
('file120', 'application/pdf', '2021-01-06 15:31:45', '{\"receivedAtEmailInbox\": \"comprovativospagamento\"}'),
('file121', 'application/pdf', '2021-01-06 15:31:57', '{\"receivedAtEmailInbox\": \"faturascliente\"}'),
('file122', 'application/pdf', '2021-01-06 15:32:09', '{\"receivedAtEmailInbox\": \"comprovativospagamento\"}'),
('file123', 'application/pdf', '2021-01-06 17:04:04', '{\"receivedAtEmailInbox\": \"faturascliente\"}'),
('file124', 'application/pdf', '2021-01-06 17:04:16', '{\"receivedAtEmailInbox\": \"comprovativospagamento\"}'),
('file125', 'application/pdf', '2021-01-06 17:04:28', '{\"receivedAtEmailInbox\": \"faturascliente\"}'),
('file126', 'application/pdf', '2021-01-06 17:04:40', '{\"receivedAtEmailInbox\": \"comprovativospagamento\"}'),
('file127', 'application/pdf', '2021-01-06 17:04:52', '{\"receivedAtEmailInbox\": \"faturascliente\"}'),
('file128', 'application/pdf', '2021-01-06 17:05:04', '{\"receivedAtEmailInbox\": \"comprovativospagamento\"}'),
('file129', 'application/pdf', '2021-01-06 17:05:16', '{\"receivedAtEmailInbox\": \"faturascliente\"}'),
('file13', 'application/pdf', '2021-01-06 15:05:14', '{\"receivedAtEmailInbox\": \"faturasfornecedor\"}'),
('file130', 'application/pdf', '2021-01-06 17:05:28', '{\"receivedAtEmailInbox\": \"faturascliente\"}'),
('file131', 'application/pdf', '2021-01-06 17:05:40', '{\"receivedAtEmailInbox\": \"faturascliente\"}'),
('file132', 'application/pdf', '2021-01-06 17:05:52', '{\"receivedAtEmailInbox\": \"faturascliente\"}'),
('file14', 'application/pdf', '2021-01-06 15:05:30', '{\"receivedAtEmailInbox\": \"comprovativospagamento\"}'),
('file15', 'application/pdf', '2021-01-06 15:05:46', '{\"receivedAtEmailInbox\": \"faturasfornecedor\"}'),
('file16', 'application/pdf', '2021-01-06 15:06:02', '{\"receivedAtEmailInbox\": \"comprovativospagamento\"}'),
('file17', 'application/pdf', '2021-01-06 15:06:18', '{\"receivedAtEmailInbox\": \"faturasfornecedor\"}'),
('file18', 'application/pdf', '2021-01-06 15:06:34', '{\"receivedAtEmailInbox\": \"comprovativospagamento\"}'),
('file19', 'application/pdf', '2021-01-06 15:06:50', '{\"receivedAtEmailInbox\": \"faturasfornecedor\"}'),
('file2', 'application/pdf', '2021-01-06 15:02:17', '{\"receivedAtEmailInbox\": \"comprovativospagamento\"}'),
('file20', 'application/pdf', '2021-01-06 15:07:06', '{\"receivedAtEmailInbox\": \"comprovativospagamento\"}'),
('file21', 'application/pdf', '2021-01-06 15:07:22', '{\"receivedAtEmailInbox\": \"faturasfornecedor\"}'),
('file22', 'application/pdf', '2021-01-06 15:07:38', '{\"receivedAtEmailInbox\": \"comprovativospagamento\"}'),
('file23', 'application/pdf', '2021-01-06 15:07:54', '{\"receivedAtEmailInbox\": \"faturasfornecedor\"}'),
('file24', 'application/pdf', '2021-01-06 15:08:10', '{\"receivedAtEmailInbox\": \"comprovativospagamento\"}'),
('file25', 'application/pdf', '2021-01-06 15:08:26', '{\"receivedAtEmailInbox\": \"faturasfornecedor\"}'),
('file26', 'application/pdf', '2021-01-06 15:08:42', '{\"receivedAtEmailInbox\": \"comprovativospagamento\"}'),
('file27', 'application/pdf', '2021-01-06 15:08:58', '{\"receivedAtEmailInbox\": \"faturasfornecedor\"}'),
('file28', 'application/pdf', '2021-01-06 15:09:14', '{\"receivedAtEmailInbox\": \"comprovativospagamento\"}'),
('file29', 'application/pdf', '2021-01-06 15:09:30', '{\"receivedAtEmailInbox\": \"faturasfornecedor\"}'),
('file3', 'application/pdf', '2021-01-06 15:02:33', '{\"receivedAtEmailInbox\": \"faturasfornecedor\"}'),
('file30', 'application/pdf', '2021-01-06 15:09:46', '{\"receivedAtEmailInbox\": \"comprovativospagamento\"}'),
('file31', 'application/pdf', '2021-01-06 15:10:02', '{\"receivedAtEmailInbox\": \"faturasfornecedor\"}'),
('file32', 'application/pdf', '2021-01-06 15:10:18', '{\"receivedAtEmailInbox\": \"comprovativospagamento\"}'),
('file33', 'application/pdf', '2021-01-06 15:10:34', '{\"receivedAtEmailInbox\": \"faturasfornecedor\"}'),
('file34', 'application/pdf', '2021-01-06 15:10:50', '{\"receivedAtEmailInbox\": \"comprovativospagamento\"}'),
('file35', 'application/pdf', '2021-01-06 15:11:06', '{\"receivedAtEmailInbox\": \"faturasfornecedor\"}'),
('file36', 'application/pdf', '2021-01-06 15:11:23', '{\"receivedAtEmailInbox\": \"comprovativospagamento\"}'),
('file37', 'application/pdf', '2021-01-06 15:11:39', '{\"receivedAtEmailInbox\": \"faturasfornecedor\"}'),
('file38', 'application/pdf', '2021-01-06 15:11:55', '{\"receivedAtEmailInbox\": \"comprovativospagamento\"}'),
('file39', 'application/pdf', '2021-01-06 15:12:11', '{\"receivedAtEmailInbox\": \"faturasfornecedor\"}'),
('file4', 'application/pdf', '2021-01-06 15:02:50', '{\"receivedAtEmailInbox\": \"comprovativospagamento\"}'),
('file40', 'application/pdf', '2021-01-06 15:12:27', '{\"receivedAtEmailInbox\": \"comprovativospagamento\"}'),
('file41', 'application/pdf', '2021-01-06 15:12:43', '{\"receivedAtEmailInbox\": \"faturasfornecedor\"}'),
('file42', 'application/pdf', '2021-01-06 15:12:59', '{\"receivedAtEmailInbox\": \"comprovativospagamento\"}'),
('file43', 'application/pdf', '2021-01-06 15:13:15', '{\"receivedAtEmailInbox\": \"faturasfornecedor\"}'),
('file44', 'application/pdf', '2021-01-06 15:13:31', '{\"receivedAtEmailInbox\": \"comprovativospagamento\"}'),
('file45', 'application/pdf', '2021-01-06 15:13:47', '{\"receivedAtEmailInbox\": \"faturasfornecedor\"}'),
('file46', 'application/pdf', '2021-01-06 15:14:03', '{\"receivedAtEmailInbox\": \"comprovativospagamento\"}'),
('file47', 'application/pdf', '2021-01-06 15:14:19', '{\"receivedAtEmailInbox\": \"faturasfornecedor\"}'),
('file48', 'application/pdf', '2021-01-06 15:14:35', '{\"receivedAtEmailInbox\": \"comprovativospagamento\"}'),
('file49', 'application/pdf', '2021-01-06 15:14:51', '{\"receivedAtEmailInbox\": \"faturasfornecedor\"}'),
('file5', 'application/pdf', '2021-01-06 15:03:06', '{\"receivedAtEmailInbox\": \"faturasfornecedor\"}'),
('file50', 'application/pdf', '2021-01-06 15:15:07', '{\"receivedAtEmailInbox\": \"comprovativospagamento\"}'),
('file51', 'application/pdf', '2021-01-06 15:15:23', '{\"receivedAtEmailInbox\": \"faturasfornecedor\"}'),
('file52', 'application/pdf', '2021-01-06 15:15:39', '{\"receivedAtEmailInbox\": \"comprovativospagamento\"}'),
('file53', 'application/pdf', '2021-01-06 15:15:55', '{\"receivedAtEmailInbox\": \"faturasfornecedor\"}'),
('file54', 'application/pdf', '2021-01-06 15:16:11', '{\"receivedAtEmailInbox\": \"comprovativospagamento\"}'),
('file55', 'application/pdf', '2021-01-06 15:16:27', '{\"receivedAtEmailInbox\": \"faturasfornecedor\"}'),
('file56', 'application/pdf', '2021-01-06 15:16:43', '{\"receivedAtEmailInbox\": \"comprovativospagamento\"}'),
('file57', 'application/pdf', '2021-01-06 15:16:59', '{\"receivedAtEmailInbox\": \"faturasfornecedor\"}'),
('file58', 'application/pdf', '2021-01-06 15:17:15', '{\"receivedAtEmailInbox\": \"comprovativospagamento\"}'),
('file59', 'application/pdf', '2021-01-06 15:17:31', '{\"receivedAtEmailInbox\": \"faturasfornecedor\"}'),
('file6', 'application/pdf', '2021-01-06 15:03:22', '{\"receivedAtEmailInbox\": \"comprovativospagamento\"}'),
('file60', 'application/pdf', '2021-01-06 15:17:47', '{\"receivedAtEmailInbox\": \"comprovativospagamento\"}'),
('file61', 'application/pdf', '2021-01-06 15:18:03', '{\"receivedAtEmailInbox\": \"faturasfornecedor\"}'),
('file62', 'application/pdf', '2021-01-06 15:18:19', '{\"receivedAtEmailInbox\": \"comprovativospagamento\"}'),
('file63', 'application/pdf', '2021-01-06 15:18:35', '{\"receivedAtEmailInbox\": \"faturasfornecedor\"}'),
('file64', 'application/pdf', '2021-01-06 15:18:51', '{\"receivedAtEmailInbox\": \"comprovativospagamento\"}'),
('file65', 'application/pdf', '2021-01-06 15:19:07', '{\"receivedAtEmailInbox\": \"faturasfornecedor\"}'),
('file66', 'application/pdf', '2021-01-06 15:19:23', '{\"receivedAtEmailInbox\": \"comprovativospagamento\"}'),
('file67', 'application/pdf', '2021-01-06 15:19:40', '{\"receivedAtEmailInbox\": \"faturasfornecedor\"}'),
('file68', 'application/pdf', '2021-01-06 15:19:56', '{\"receivedAtEmailInbox\": \"comprovativospagamento\"}'),
('file69', 'application/pdf', '2021-01-06 15:20:12', '{\"receivedAtEmailInbox\": \"faturasfornecedor\"}'),
('file7', 'application/pdf', '2021-01-06 15:03:38', '{\"receivedAtEmailInbox\": \"faturasfornecedor\"}'),
('file70', 'application/pdf', '2021-01-06 15:20:28', '{\"receivedAtEmailInbox\": \"comprovativospagamento\"}'),
('file71', 'application/pdf', '2021-01-06 15:20:44', '{\"receivedAtEmailInbox\": \"faturasfornecedor\"}'),
('file72', 'application/pdf', '2021-01-06 15:21:00', '{\"receivedAtEmailInbox\": \"comprovativospagamento\"}'),
('file73', 'application/pdf', '2021-01-06 15:21:16', '{\"receivedAtEmailInbox\": \"faturasfornecedor\"}'),
('file74', 'application/pdf', '2021-01-06 15:21:32', '{\"receivedAtEmailInbox\": \"comprovativospagamento\"}'),
('file75', 'application/pdf', '2021-01-06 15:21:48', '{\"receivedAtEmailInbox\": \"faturasfornecedor\"}'),
('file76', 'application/pdf', '2021-01-06 15:22:04', '{\"receivedAtEmailInbox\": \"comprovativospagamento\"}'),
('file77', 'application/pdf', '2021-01-06 15:22:20', '{\"receivedAtEmailInbox\": \"faturasfornecedor\"}'),
('file78', 'application/pdf', '2021-01-06 15:22:36', '{\"receivedAtEmailInbox\": \"comprovativospagamento\"}'),
('file79', 'application/pdf', '2021-01-06 15:22:52', '{\"receivedAtEmailInbox\": \"faturasfornecedor\"}'),
('file8', 'application/pdf', '2021-01-06 15:03:54', '{\"receivedAtEmailInbox\": \"comprovativospagamento\"}'),
('file80', 'application/pdf', '2021-01-06 15:23:08', '{\"receivedAtEmailInbox\": \"comprovativospagamento\"}'),
('file81', 'application/pdf', '2021-01-06 15:23:24', '{\"receivedAtEmailInbox\": \"faturasfornecedor\"}'),
('file82', 'application/pdf', '2021-01-06 15:23:40', '{\"receivedAtEmailInbox\": \"faturasfornecedor\"}'),
('file83', 'application/pdf', '2021-01-06 15:23:56', '{\"receivedAtEmailInbox\": \"faturasfornecedor\"}'),
('file84', 'application/pdf', '2021-01-06 15:24:12', '{\"receivedAtEmailInbox\": \"faturasfornecedor\"}'),
('file85', 'application/pdf', '2021-01-06 15:24:28', '{\"receivedAtEmailInbox\": \"faturasfornecedor\"}'),
('file86', 'application/pdf', '2021-01-06 15:24:44', '{\"receivedAtEmailInbox\": \"faturasfornecedor\"}'),
('file87', 'application/pdf', '2021-01-06 15:25:00', '{\"receivedAtEmailInbox\": \"faturasfornecedor\"}'),
('file88', 'application/pdf', '2021-01-06 15:25:16', '{\"receivedAtEmailInbox\": \"faturasfornecedor\"}'),
('file89', 'application/pdf', '2021-01-06 15:25:32', '{\"receivedAtEmailInbox\": \"faturascliente\"}'),
('file9', 'application/pdf', '2021-01-06 15:04:10', '{\"receivedAtEmailInbox\": \"faturasfornecedor\"}'),
('file90', 'application/pdf', '2021-01-06 15:25:44', '{\"receivedAtEmailInbox\": \"comprovativospagamento\"}'),
('file91', 'application/pdf', '2021-01-06 15:25:56', '{\"receivedAtEmailInbox\": \"faturascliente\"}'),
('file92', 'application/pdf', '2021-01-06 15:26:08', '{\"receivedAtEmailInbox\": \"comprovativospagamento\"}'),
('file93', 'application/pdf', '2021-01-06 15:26:20', '{\"receivedAtEmailInbox\": \"faturascliente\"}'),
('file94', 'application/pdf', '2021-01-06 15:26:32', '{\"receivedAtEmailInbox\": \"comprovativospagamento\"}'),
('file95', 'application/pdf', '2021-01-06 15:26:44', '{\"receivedAtEmailInbox\": \"faturascliente\"}'),
('file96', 'application/pdf', '2021-01-06 15:26:56', '{\"receivedAtEmailInbox\": \"comprovativospagamento\"}'),
('file97', 'application/pdf', '2021-01-06 15:27:08', '{\"receivedAtEmailInbox\": \"faturascliente\"}'),
('file98', 'application/pdf', '2021-01-06 15:27:20', '{\"receivedAtEmailInbox\": \"comprovativospagamento\"}'),
('file99', 'application/pdf', '2021-01-06 15:27:32', '{\"receivedAtEmailInbox\": \"faturascliente\"}');
SET FOREIGN_KEY_CHECKS=1;
COMMIT;

/*!40101 SET CHARACTER_SET_CLIENT=@OLD_CHARACTER_SET_CLIENT */;
/*!40101 SET CHARACTER_SET_RESULTS=@OLD_CHARACTER_SET_RESULTS */;
/*!40101 SET COLLATION_CONNECTION=@OLD_COLLATION_CONNECTION */;
